time [s],x [m],y [m],speed [m/s],acceleration [m/s²]
0,0.45386,0.35,0,0
0.040404,0.45386,0.35,2.43224e-05,0.00119988
0.0808081,0.453863,0.35,9.663e-05,0.00237527
0.121212,0.453869,0.35,0.000215933,0.00352617
0.161616,0.453879,0.35,0.000381243,0.00465259
0.20202,0.453895,0.35,0.00059157,0.00575451
0.242424,0.453917,0.35,0.000845925,0.00683196
0.282828,0.453948,0.35,0.00114332,0.00788491
0.323232,0.453987,0.35,0.00148276,0.00891338
0.363636,0.454037,0.35,0.00186326,0.00991736
0.40404,0.454098,0.35,0.00228383,0.0108968
0.444444,0.454171,0.35,0.00274348,0.0118519
0.484848,0.454257,0.35,0.00324123,0.0127824
0.525253,0.454358,0.35,0.00377607,0.0136884
0.565657,0.454474,0.35,0.00434703,0.0145699
0.606061,0.454606,0.35,0.00495311,0.015427
0.646465,0.454755,0.35,0.00559333,0.0162596
0.686869,0.454922,0.35,0.00626669,0.0170676
0.727273,0.455108,0.35,0.0069722,0.0178512
0.767677,0.455314,0.35,0.00770888,0.0186103
0.808081,0.45554,0.35,0.00847574,0.019345
0.848485,0.455787,0.35,0.00927178,0.0200551
0.888889,0.456056,0.35,0.010096,0.0207407
0.929293,0.456348,0.35,0.0109475,0.0214019
0.969697,0.456664,0.35,0.0118251,0.0220386
1.0101,0.457003,0.35,0.012728,0.0226507
1.05051,0.457367,0.35,0.0136552,0.0232384
1.09091,0.457757,0.35,0.0146056,0.0238017
1.13131,0.458172,0.35,0.0155782,0.0243404
1.17172,0.458614,0.35,0.0165721,0.0248546
1.21212,0.459083,0.35,0.0175863,0.0253444
1.25253,0.459579,0.35,0.0186198,0.0258096
1.29293,0.460104,0.35,0.0196716,0.0262504
1.33333,0.460657,0.35,0.0207407,0.0266667
1.37374,0.461239,0.35,0.0218262,0.0270585
1.41414,0.461851,0.35,0.022927,0.0274258
1.45455,0.462492,0.35,0.0240421,0.0277686
1.49495,0.463163,0.35,0.0251706,0.0280869
1.53535,0.463864,0.35,0.0263114,0.0283808
1.57576,0.464597,0.35,0.0274636,0.0286501
1.61616,0.46536,0.35,0.0286262,0.028895
1.65657,0.466155,0.35,0.0297982,0.0291154
1.69697,0.466981,0.35,0.0309787,0.0293113
1.73737,0.467839,0.35,0.0321665,0.0294827
1.77778,0.468728,0.35,0.0333608,0.0296296
1.81818,0.46965,0.35,0.0345605,0.0297521
1.85859,0.470604,0.35,0.0357646,0.02985
1.89899,0.47159,0.35,0.0369723,0.0299235
1.93939,0.472608,0.35,0.0381824,0.0299725
1.9798,0.473658,0.35,0.039394,0.0299969
2.0202,0.474741,0.35,0.040606,0.0299969
2.06061,0.475856,0.35,0.0418176,0.0299725
2.10101,0.477004,0.35,0.0430277,0.0299235
2.14141,0.478183,0.35,0.0442354,0.02985
2.18182,0.479395,0.35,0.0454395,0.0297521
2.22222,0.480639,0.35,0.0466392,0.0296296
2.26263,0.481914,0.35,0.0478335,0.0294827
2.30303,0.483222,0.35,0.0490213,0.0293113
2.34343,0.48456,0.35,0.0502018,0.0291154
2.38384,0.48593,0.35,0.0513738,0.028895
2.42424,0.487331,0.35,0.0525364,0.0286501
2.46465,0.488763,0.35,0.0536886,0.0283808
2.50505,0.490225,0.35,0.0548294,0.0280869
2.54545,0.491717,0.35,0.0559579,0.0277686
2.58586,0.493239,0.35,0.057073,0.0274258
2.62626,0.49479,0.35,0.0581738,0.0270585
2.66667,0.496371,0.35,0.0592593,0.0266667
2.70707,0.497979,0.35,0.0603284,0.0262504
2.74747,0.499616,0.35,0.0613802,0.0258096
2.78788,0.501281,0.35,0.0624137,0.0253444
2.82828,0.502972,0.35,0.0634279,0.0248546
2.86869,0.50469,0.35,0.0644218,0.0243404
2.90909,0.506434,0.35,0.0653944,0.0238017
2.94949,0.508203,0.35,0.0663448,0.0232384
2.9899,0.509997,0.35,0.067272,0.0226507
3.0303,0.511815,0.35,0.0681749,0.0220386
3.07071,0.513656,0.35,0.0690525,0.0214019
3.11111,0.51552,0.35,0.069904,0.0207407
3.15152,0.517406,0.35,0.0707282,0.0200551
3.19192,0.519314,0.35,0.0715243,0.019345
3.23232,0.521242,0.35,0.0722911,0.0186103
3.27273,0.523189,0.35,0.0730278,0.0178512
3.31313,0.525155,0.35,0.0737333,0.0170676
3.35354,0.527139,0.35,0.0744067,0.0162596
3.39394,0.529141,0.35,0.0750469,0.015427
3.43434,0.531158,0.35,0.075653,0.0145699
3.47475,0.533191,0.35,0.0762239,0.0136884
3.51515,0.535238,0.35,0.0767588,0.0127824
3.55556,0.537298,0.35,0.0772565,0.0118519
3.59596,0.53937,0.35,0.0777162,0.0108968
3.63636,0.541454,0.35,0.0781367,0.00991736
3.67677,0.543548,0.35,0.0785172,0.00891338
3.71717,0.54565,0.35,0.0788567,0.00788491
3.75758,0.547761,0.35,0.0791541,0.00683196
3.79798,0.549879,0.35,0.0794084,0.00575451
3.83838,0.552002,0.35,0.0796188,0.00465259
3.87879,0.55413,0.35,0.0797841,0.00352617
3.91919,0.55626,0.35,0.0799034,0.00237527
3.9596,0.558393,0.35,0.0799757,0.00119988
4,0.560526,0.35,0.08,0
4,0.560526,0.35,0.08,0
4.04785,0.564354,0.35,0.08,0
4.09569,0.568182,0.35,0.08,0
4.14354,0.57201,0.35,0.08,0
4.19139,0.575837,0.35,0.08,0
4.23923,0.579665,0.35,0.08,0
4.28708,0.583493,0.35,0.08,0
4.33493,0.587321,0.35,0.08,0
4.38278,0.591148,0.35,0.08,0
4.43062,0.594976,0.35,0.08,0
4.47847,0.598804,0.35,0.08,0
4.52632,0.602632,0.35,0.08,0
4.57416,0.606459,0.35,0.08,0
4.62201,0.610287,0.35,0.08,0
4.66986,0.614115,0.35,0.08,0
4.7177,0.617943,0.35,0.08,0
4.76555,0.62177,0.35,0.08,0
4.8134,0.625598,0.35,0.08,0
4.86124,0.629426,0.35,0.08,0
4.90909,0.633254,0.35,0.08,0
4.95694,0.637081,0.35,0.08,0
5.00478,0.640909,0.35,0.08,0
5.05263,0.644737,0.35,0.08,0
5.10048,0.648565,0.35,0.08,0
5.14833,0.652392,0.35,0.08,0
5.19617,0.65622,0.35,0.08,0
5.24402,0.660048,0.35,0.08,0
5.29187,0.663876,0.35,0.08,0
5.33971,0.667703,0.35,0.08,0
5.38756,0.671531,0.35,0.08,0
5.43541,0.675359,0.35,0.08,0
5.48325,0.679187,0.35,0.08,0
5.5311,0.683014,0.35,0.08,0
5.57895,0.686842,0.35,0.08,0
5.62679,0.69067,0.35,0.08,0
5.67464,0.694498,0.35,0.08,0
5.72249,0.698325,0.35,0.08,0
5.77033,0.702153,0.35,0.08,0
5.81818,0.705981,0.35,0.08,0
5.86603,0.709809,0.35,0.08,0
5.91388,0.713636,0.35,0.08,0
5.96172,0.717464,0.35,0.08,0
6.00957,0.721292,0.35,0.08,0
6.05742,0.72512,0.35,0.08,0
6.10526,0.728947,0.35,0.08,0
6.15311,0.732775,0.35,0.08,0
6.20096,0.736603,0.35,0.08,0
6.2488,0.740431,0.35,0.08,0
6.29665,0.744258,0.35,0.08,0
6.3445,0.748086,0.35,0.08,0
6.39234,0.751914,0.35,0.08,0
6.44019,0.755742,0.35,0.08,0
6.48804,0.759569,0.35,0.08,0
6.53589,0.763397,0.35,0.08,0
6.58373,0.767225,0.35,0.08,0
6.63158,0.771053,0.35,0.08,0
6.67943,0.77488,0.35,0.08,0
6.72727,0.778708,0.35,0.08,0
6.77512,0.782536,0.35,0.08,0
6.82297,0.786364,0.35,0.08,0
6.87081,0.790191,0.35,0.08,0
6.91866,0.794019,0.35,0.08,0
6.96651,0.797847,0.35,0.08,0
7.01435,0.801675,0.35,0.08,0
7.0622,0.805502,0.35,0.08,0
7.11005,0.80933,0.35,0.08,0
7.15789,0.813158,0.35,0.08,0
7.20574,0.816986,0.35,0.08,0
7.25359,0.820813,0.35,0.08,0
7.30144,0.824641,0.35,0.08,0
7.34928,0.828469,0.35,0.08,0
7.39713,0.832297,0.35,0.08,0
7.44498,0.836124,0.35,0.08,0
7.49282,0.839952,0.35,0.08,0
7.54067,0.84378,0.35,0.08,0
7.58852,0.847608,0.35,0.08,0
7.63636,0.851435,0.35,0.08,0
7.68421,0.855263,0.35,0.08,0
7.73206,0.859091,0.35,0.08,0
7.7799,0.862919,0.35,0.08,0
7.82775,0.866746,0.35,0.08,0
7.8756,0.870574,0.35,0.08,0
7.92344,0.874402,0.35,0.08,0
7.97129,0.87823,0.35,0.08,0
8.01914,0.882057,0.35,0.08,0
8.06699,0.885885,0.35,0.08,0
8.11483,0.889713,0.35,0.08,0
8.16268,0.893541,0.35,0.08,0
8.21053,0.897368,0.35,0.08,0
8.25837,0.901196,0.35,0.08,0
8.30622,0.905024,0.35,0.08,0
8.35407,0.908852,0.35,0.08,0
8.40191,0.912679,0.35,0.08,0
8.44976,0.916507,0.35,0.08,0
8.49761,0.920335,0.35,0.08,0
8.54545,0.924163,0.35,0.08,0
8.5933,0.92799,0.35,0.08,0
8.64115,0.931818,0.35,0.08,0
8.689,0.935646,0.35,0.08,0
8.73684,0.939474,0.35,0.08,0
8.73684,0.941607,0.35,0.08,-0
8.77725,0.94374,0.35,0.0799757,-0.00119988
8.81765,0.94587,0.35,0.0799034,-0.00237527
8.85805,0.947998,0.35,0.0797841,-0.00352617
8.89846,0.950121,0.35,0.0796188,-0.00465259
8.93886,0.952239,0.35,0.0794084,-0.00575451
8.97927,0.95435,0.35,0.0791541,-0.00683196
9.01967,0.956452,0.35,0.0788567,-0.00788491
9.06007,0.958546,0.35,0.0785172,-0.00891338
9.10048,0.96063,0.35,0.0781367,-0.00991736
9.14088,0.962702,0.35,0.0777162,-0.0108968
9.18129,0.964762,0.35,0.0772565,-0.0118519
9.22169,0.966809,0.35,0.0767588,-0.0127824
9.26209,0.968842,0.35,0.0762239,-0.0136884
9.3025,0.970859,0.35,0.075653,-0.0145699
9.3429,0.972861,0.35,0.0750469,-0.015427
9.38331,0.974845,0.35,0.0744067,-0.0162596
9.42371,0.976811,0.35,0.0737333,-0.0170676
9.46411,0.978758,0.35,0.0730278,-0.0178512
9.50452,0.980686,0.35,0.0722911,-0.0186103
9.54492,0.982594,0.35,0.0715243,-0.019345
9.58533,0.98448,0.35,0.0707282,-0.0200551
9.62573,0.986344,0.35,0.069904,-0.0207407
9.66614,0.988185,0.35,0.0690525,-0.0214019
9.70654,0.990003,0.35,0.0681749,-0.0220386
9.74694,0.991797,0.35,0.067272,-0.0226507
9.78735,0.993566,0.35,0.0663448,-0.0232384
9.82775,0.99531,0.35,0.0653944,-0.0238017
9.86816,0.997028,0.35,0.0644218,-0.0243404
9.90856,0.998719,0.35,0.0634279,-0.0248546
9.94896,1.00038,0.35,0.0624137,-0.0253444
9.98937,1.00202,0.35,0.0613802,-0.0258096
10.0298,1.00363,0.35,0.0603284,-0.0262504
10.0702,1.00521,0.35,0.0592593,-0.0266667
10.1106,1.00676,0.35,0.0581738,-0.0270585
10.151,1.00828,0.35,0.057073,-0.0274258
10.1914,1.00978,0.35,0.0559579,-0.0277686
10.2318,1.01124,0.35,0.0548294,-0.0280869
10.2722,1.01267,0.35,0.0536886,-0.0283808
10.3126,1.01407,0.35,0.0525364,-0.0286501
10.353,1.01544,0.35,0.0513738,-0.028895
10.3934,1.01678,0.35,0.0502018,-0.0291154
10.4338,1.01809,0.35,0.0490213,-0.0293113
10.4742,1.01936,0.35,0.0478335,-0.0294827
10.5146,1.0206,0.35,0.0466392,-0.0296296
10.555,1.02182,0.35,0.0454395,-0.0297521
10.5954,1.023,0.35,0.0442354,-0.02985
10.6358,1.02414,0.35,0.0430277,-0.0299235
10.6762,1.02526,0.35,0.0418176,-0.0299725
10.7166,1.02634,0.35,0.040606,-0.0299969
10.757,1.02739,0.35,0.039394,-0.0299969
10.7974,1.02841,0.35,0.0381824,-0.0299725
10.8379,1.0294,0.35,0.0369723,-0.0299235
10.8783,1.03035,0.35,0.0357646,-0.02985
10.9187,1.03127,0.35,0.0345605,-0.0297521
10.9591,1.03216,0.35,0.0333608,-0.0296296
10.9995,1.03302,0.35,0.0321665,-0.0294827
11.0399,1.03385,0.35,0.0309787,-0.0293113
11.0803,1.03464,0.35,0.0297982,-0.0291154
11.1207,1.0354,0.35,0.0286262,-0.028895
11.1611,1.03614,0.35,0.0274636,-0.0286501
11.2015,1.03684,0.35,0.0263114,-0.0283808
11.2419,1.03751,0.35,0.0251706,-0.0280869
11.2823,1.03815,0.35,0.0240421,-0.0277686
11.3227,1.03876,0.35,0.022927,-0.0274258
11.3631,1.03934,0.35,0.0218262,-0.0270585
11.4035,1.0399,0.35,0.0207407,-0.0266667
11.4439,1.04042,0.35,0.0196716,-0.0262504
11.4843,1.04092,0.35,0.0186198,-0.0258096
11.5247,1.04139,0.35,0.0175863,-0.0253444
11.5651,1.04183,0.35,0.0165721,-0.0248546
11.6055,1.04224,0.35,0.0155782,-0.0243404
11.6459,1.04263,0.35,0.0146056,-0.0238017
11.6863,1.043,0.35,0.0136552,-0.0232384
11.7267,1.04334,0.35,0.012728,-0.0226507
11.7671,1.04365,0.35,0.0118251,-0.0220386
11.8075,1.04394,0.35,0.0109475,-0.0214019
11.848,1.04421,0.35,0.010096,-0.0207407
11.8884,1.04446,0.35,0.00927178,-0.0200551
11.9288,1.04469,0.35,0.00847574,-0.019345
11.9692,1.04489,0.35,0.00770888,-0.0186103
12.0096,1.04508,0.35,0.0069722,-0.0178512
12.05,1.04524,0.35,0.00626669,-0.0170676
12.0904,1.04539,0.35,0.00559333,-0.0162596
12.1308,1.04553,0.35,0.00495311,-0.015427
12.1712,1.04564,0.35,0.00434703,-0.0145699
12.2116,1.04574,0.35,0.00377607,-0.0136884
12.252,1.04583,0.35,0.00324123,-0.0127824
12.2924,1.0459,0.35,0.00274348,-0.0118519
12.3328,1.04596,0.35,0.00228383,-0.0108968
12.3732,1.04601,0.35,0.00186326,-0.00991736
12.4136,1.04605,0.35,0.00148276,-0.00891338
12.454,1.04608,0.35,0.00114332,-0.00788491
12.4944,1.04611,0.35,0.000845925,-0.00683196
12.5348,1.04612,0.35,0.00059157,-0.00575451
12.5752,1.04613,0.35,0.000381243,-0.00465259
12.6156,1.04614,0.35,0.000215933,-0.00352617
12.656,1.04614,0.35,9.663e-05,-0.00237527
12.6964,1.04614,0.35,2.43224e-05,-0.00119988
12.7368,1.04614,0.35,0,-0
12.7368,1.04614,0.35,0,0
12.7812,1.04614,0.349999,6.83708e-05,0.00305436
12.8255,1.04614,0.349992,0.000267931,0.00592172
12.8698,1.04614,0.349973,0.000590478,0.00860593
12.9141,1.04614,0.349938,0.00102798,0.0111108
12.9584,1.04614,0.349881,0.00157259,0.0134403
13.0027,1.04614,0.349797,0.0022166,0.0155982
13.047,1.04614,0.349683,0.0029525,0.0175884
13.0913,1.04614,0.349534,0.00377295,0.0194147
13.1357,1.04614,0.349347,0.00467077,0.0210811
13.18,1.04614,0.349119,0.00563896,0.0225912
13.2243,1.04614,0.348847,0.00667067,0.0239491
13.2686,1.04614,0.348527,0.00775925,0.0251585
13.3129,1.04614,0.348158,0.0088982,0.0262233
13.3572,1.04614,0.347738,0.0100812,0.0271474
13.4015,1.04614,0.347264,0.0113021,0.0279346
13.4458,1.04614,0.346736,0.0125549,0.0285887
13.4902,1.04614,0.346151,0.0138339,0.0291138
13.5345,1.04614,0.345509,0.0151333,0.0295135
13.5788,1.04614,0.34481,0.0164477,0.0297917
13.6231,1.04614,0.344052,0.0177719,0.0299524
13.6674,1.04614,0.343235,0.0191006,0.0299993
13.7117,1.04614,0.342359,0.0204289,0.0299363
13.756,1.04614,0.341424,0.0217521,0.0297673
13.8003,1.04614,0.340431,0.0230655,0.0294961
13.8447,1.04614,0.33938,0.0243648,0.0291266
13.889,1.04614,0.338272,0.0256455,0.0286627
13.9333,1.04614,0.337108,0.0269037,0.0281081
13.9776,1.04614,0.335888,0.0281353,0.0274667
14.0219,1.04614,0.334615,0.0293367,0.0267425
14.0662,1.04614,0.333289,0.0305042,0.0259392
14.1105,1.04614,0.331912,0.0316344,0.0250608
14.1548,1.04614,0.330486,0.0327241,0.024111
14.1992,1.04614,0.329012,0.0337703,0.0230937
14.2435,1.04614,0.327494,0.0347699,0.0220128
14.2878,1.04614,0.325932,0.0357203,0.0208722
14.3321,1.04614,0.324329,0.0366189,0.0196757
14.3764,1.04614,0.322687,0.0374633,0.018427
14.4207,1.04614,0.321009,0.0382513,0.0171302
14.465,1.04614,0.319298,0.0389808,0.0157891
14.5093,1.04614,0.317555,0.03965,0.0144075
14.5537,1.04614,0.315785,0.0402571,0.0129892
14.598,1.04614,0.313989,0.0408006,0.0115382
14.6423,1.04614,0.31217,0.0412792,0.0100582
14.6866,1.04614,0.310331,0.0416917,0.00855323
14.7309,1.04614,0.308476,0.042037,0.00702702
14.7752,1.04614,0.306607,0.0423142,0.00548345
14.8195,1.04614,0.304727,0.0425227,0.00392639
14.8638,1.04614,0.302839,0.042662,0.00235969
14.9082,1.04614,0.300947,0.0427318,0.000787206
14.9525,1.04614,0.299053,0.0427318,-0.000787206
14.9968,1.04614,0.297161,0.042662,-0.00235969
15.0411,1.04614,0.295273,0.0425227,-0.00392639
15.0854,1.04614,0.293393,0.0423142,-0.00548345
15.1297,1.04614,0.291524,0.042037,-0.00702702
15.174,1.04614,0.289669,0.0416917,-0.00855323
15.2183,1.04614,0.28783,0.0412792,-0.0100582
15.2627,1.04614,0.286011,0.0408006,-0.0115382
15.307,1.04614,0.284215,0.0402571,-0.0129892
15.3513,1.04614,0.282445,0.03965,-0.0144075
15.3956,1.04614,0.280702,0.0389808,-0.0157891
15.4399,1.04614,0.278991,0.0382513,-0.0171302
15.4842,1.04614,0.277313,0.0374633,-0.018427
15.5285,1.04614,0.275671,0.0366189,-0.0196757
15.5728,1.04614,0.274068,0.0357203,-0.0208722
15.6172,1.04614,0.272506,0.0347699,-0.0220128
15.6615,1.04614,0.270988,0.0337703,-0.0230937
15.7058,1.04614,0.269514,0.0327241,-0.024111
15.7501,1.04614,0.268088,0.0316344,-0.0250608
15.7944,1.04614,0.266711,0.0305042,-0.0259392
15.8387,1.04614,0.265385,0.0293367,-0.0267425
15.883,1.04614,0.264112,0.0281353,-0.0274667
15.9273,1.04614,0.262892,0.0269037,-0.0281081
15.9717,1.04614,0.261728,0.0256455,-0.0286627
16.016,1.04614,0.26062,0.0243648,-0.0291266
16.0603,1.04614,0.259569,0.0230655,-0.0294961
16.1046,1.04614,0.258576,0.0217521,-0.0297673
16.1489,1.04614,0.257641,0.0204289,-0.0299363
16.1932,1.04614,0.256765,0.0191006,-0.0299993
16.2375,1.04614,0.255948,0.0177719,-0.0299524
16.2818,1.04614,0.25519,0.0164477,-0.0297917
16.3262,1.04614,0.254491,0.0151333,-0.0295135
16.3705,1.04614,0.253849,0.0138339,-0.0291138
16.4148,1.04614,0.253264,0.0125549,-0.0285887
16.4591,1.04614,0.252736,0.0113021,-0.0279346
16.5034,1.04614,0.252262,0.0100812,-0.0271474
16.5477,1.04614,0.251842,0.0088982,-0.0262233
16.592,1.04614,0.251473,0.00775925,-0.0251585
16.6363,1.04614,0.251153,0.00667067,-0.0239491
16.6807,1.04614,0.250881,0.00563896,-0.0225912
16.725,1.04614,0.250653,0.00467077,-0.0210811
16.7693,1.04614,0.250466,0.00377295,-0.0194147
16.8136,1.04614,0.250317,0.0029525,-0.0175884
16.8579,1.04614,0.250203,0.0022166,-0.0155982
16.9022,1.04614,0.250119,0.00157259,-0.0134403
16.9465,1.04614,0.250062,0.00102798,-0.0111108
16.9908,1.04614,0.250027,0.000590478,-0.00860593
17.0352,1.04614,0.250008,0.000267931,-0.00592172
17.0795,1.04614,0.250001,6.83708e-05,-0.00305436
17.1238,1.04614,0.25,0,0
17.1238,1.04614,0.25,0,0
17.1642,1.04614,0.25,2.43224e-05,0.00119988
17.2046,1.04614,0.25,9.663e-05,0.00237527
17.245,1.04613,0.25,0.000215933,0.00352617
17.2854,1.04612,0.25,0.000381243,0.00465259
17.3258,1.04611,0.25,0.00059157,0.00575451
17.3662,1.04608,0.25,0.000845925,0.00683196
17.4066,1.04605,0.25,0.00114332,0.00788491
17.447,1.04601,0.25,0.00148276,0.00891338
17.4874,1.04596,0.25,0.00186326,0.00991736
17.5278,1.0459,0.25,0.00228383,0.0108968
17.5682,1.04583,0.25,0.00274348,0.0118519
17.6086,1.04574,0.25,0.00324123,0.0127824
17.649,1.04564,0.25,0.00377607,0.0136884
17.6894,1.04553,0.25,0.00434703,0.0145699
17.7298,1.04539,0.25,0.00495311,0.015427
17.7702,1.04524,0.25,0.00559333,0.0162596
17.8107,1.04508,0.25,0.00626669,0.0170676
17.8511,1.04489,0.25,0.0069722,0.0178512
17.8915,1.04469,0.25,0.00770888,0.0186103
17.9319,1.04446,0.25,0.00847574,0.019345
17.9723,1.04421,0.25,0.00927178,0.0200551
18.0127,1.04394,0.25,0.010096,0.0207407
18.0531,1.04365,0.25,0.0109475,0.0214019
18.0935,1.04334,0.25,0.0118251,0.0220386
18.1339,1.043,0.25,0.012728,0.0226507
18.1743,1.04263,0.25,0.0136552,0.0232384
18.2147,1.04224,0.25,0.0146056,0.0238017
18.2551,1.04183,0.25,0.0155782,0.0243404
18.2955,1.04139,0.25,0.0165721,0.0248546
18.3359,1.04092,0.25,0.0175863,0.0253444
18.3763,1.04042,0.25,0.0186198,0.0258096
18.4167,1.0399,0.25,0.0196716,0.0262504
18.4571,1.03934,0.25,0.0207407,0.0266667
18.4975,1.03876,0.25,0.0218262,0.0270585
18.5379,1.03815,0.25,0.022927,0.0274258
18.5783,1.03751,0.25,0.0240421,0.0277686
18.6187,1.03684,0.25,0.0251706,0.0280869
18.6591,1.03614,0.25,0.0263114,0.0283808
18.6995,1.0354,0.25,0.0274636,0.0286501
18.7399,1.03464,0.25,0.0286262,0.028895
18.7803,1.03385,0.25,0.0297982,0.0291154
18.8208,1.03302,0.25,0.0309787,0.0293113
18.8612,1.03216,0.25,0.0321665,0.0294827
18.9016,1.03127,0.25,0.0333608,0.0296296
18.942,1.03035,0.25,0.0345605,0.0297521
18.9824,1.0294,0.25,0.0357646,0.02985
19.0228,1.02841,0.25,0.0369723,0.0299235
19.0632,1.02739,0.25,0.0381824,0.0299725
19.1036,1.02634,0.25,0.039394,0.0299969
19.144,1.02526,0.25,0.040606,0.0299969
19.1844,1.02414,0.25,0.0418176,0.0299725
19.2248,1.023,0.25,0.0430277,0.0299235
19.2652,1.02182,0.25,0.0442354,0.02985
19.3056,1.0206,0.25,0.0454395,0.0297521
19.346,1.01936,0.25,0.0466392,0.0296296
19.3864,1.01809,0.25,0.0478335,0.0294827
19.4268,1.01678,0.25,0.0490213,0.0293113
19.4672,1.01544,0.25,0.0502018,0.0291154
19.5076,1.01407,0.25,0.0513738,0.028895
19.548,1.01267,0.25,0.0525364,0.0286501
19.5884,1.01124,0.25,0.0536886,0.0283808
19.6288,1.00978,0.25,0.0548294,0.0280869
19.6692,1.00828,0.25,0.0559579,0.0277686
19.7096,1.00676,0.25,0.057073,0.0274258
19.75,1.00521,0.25,0.0581738,0.0270585
19.7904,1.00363,0.25,0.0592593,0.0266667
19.8309,1.00202,0.25,0.0603284,0.0262504
19.8713,1.00038,0.25,0.0613802,0.0258096
19.9117,0.998719,0.25,0.0624137,0.0253444
19.9521,0.997028,0.25,0.0634279,0.0248546
19.9925,0.99531,0.25,0.0644218,0.0243404
20.0329,0.993566,0.25,0.0653944,0.0238017
20.0733,0.991797,0.25,0.0663448,0.0232384
20.1137,0.990003,0.25,0.067272,0.0226507
20.1541,0.988185,0.25,0.0681749,0.0220386
20.1945,0.986344,0.25,0.0690525,0.0214019
20.2349,0.98448,0.25,0.069904,0.0207407
20.2753,0.982594,0.25,0.0707282,0.0200551
20.3157,0.980686,0.25,0.0715243,0.019345
20.3561,0.978758,0.25,0.0722911,0.0186103
20.3965,0.976811,0.25,0.0730278,0.0178512
20.4369,0.974845,0.25,0.0737333,0.0170676
20.4773,0.972861,0.25,0.0744067,0.0162596
20.5177,0.970859,0.25,0.0750469,0.015427
20.5581,0.968842,0.25,0.075653,0.0145699
20.5985,0.966809,0.25,0.0762239,0.0136884
20.6389,0.964762,0.25,0.0767588,0.0127824
20.6793,0.962702,0.25,0.0772565,0.0118519
20.7197,0.96063,0.25,0.0777162,0.0108968
20.7601,0.958546,0.25,0.0781367,0.00991736
20.8005,0.956452,0.25,0.0785172,0.00891338
20.841,0.95435,0.25,0.0788567,0.00788491
20.8814,0.952239,0.25,0.0791541,0.00683196
20.9218,0.950121,0.25,0.0794084,0.00575451
20.9622,0.947998,0.25,0.0796188,0.00465259
21.0026,0.94587,0.25,0.0797841,0.00352617
21.043,0.94374,0.25,0.0799034,0.00237527
21.0834,0.941607,0.25,0.0799757,0.00119988
21.1238,0.939474,0.25,0.08,0
21.1238,0.939474,0.25,0.08,0
21.1716,0.935646,0.25,0.08,0
21.2195,0.931818,0.25,0.08,0
21.2673,0.92799,0.25,0.08,0
21.3152,0.924163,0.25,0.08,0
21.363,0.920335,0.25,0.08,0
21.4109,0.916507,0.25,0.08,0
21.4587,0.912679,0.25,0.08,0
21.5066,0.908852,0.25,0.08,0
21.5544,0.905024,0.25,0.08,0
21.6023,0.901196,0.25,0.08,0
21.6501,0.897368,0.25,0.08,0
21.6979,0.893541,0.25,0.08,0
21.7458,0.889713,0.25,0.08,0
21.7936,0.885885,0.25,0.08,0
21.8415,0.882057,0.25,0.08,0
21.8893,0.87823,0.25,0.08,0
21.9372,0.874402,0.25,0.08,0
21.985,0.870574,0.25,0.08,0
22.0329,0.866746,0.25,0.08,0
22.0807,0.862919,0.25,0.08,0
22.1286,0.859091,0.25,0.08,0
22.1764,0.855263,0.25,0.08,0
22.2243,0.851435,0.25,0.08,0
22.2721,0.847608,0.25,0.08,0
22.32,0.84378,0.25,0.08,0
22.3678,0.839952,0.25,0.08,0
22.4156,0.836124,0.25,0.08,0
22.4635,0.832297,0.25,0.08,0
22.5113,0.828469,0.25,0.08,0
22.5592,0.824641,0.25,0.08,0
22.607,0.820813,0.25,0.08,0
22.6549,0.816986,0.25,0.08,0
22.7027,0.813158,0.25,0.08,0
22.7506,0.80933,0.25,0.08,0
22.7984,0.805502,0.25,0.08,0
22.8463,0.801675,0.25,0.08,0
22.8941,0.797847,0.25,0.08,0
22.942,0.794019,0.25,0.08,0
22.9898,0.790191,0.25,0.08,0
23.0377,0.786364,0.25,0.08,0
23.0855,0.782536,0.25,0.08,0
23.1334,0.778708,0.25,0.08,0
23.1812,0.77488,0.25,0.08,0
23.229,0.771053,0.25,0.08,0
23.2769,0.767225,0.25,0.08,0
23.3247,0.763397,0.25,0.08,0
23.3726,0.759569,0.25,0.08,0
23.4204,0.755742,0.25,0.08,0
23.4683,0.751914,0.25,0.08,0
23.5161,0.748086,0.25,0.08,0
23.564,0.744258,0.25,0.08,0
23.6118,0.740431,0.25,0.08,0
23.6597,0.736603,0.25,0.08,0
23.7075,0.732775,0.25,0.08,0
23.7554,0.728947,0.25,0.08,0
23.8032,0.72512,0.25,0.08,0
23.8511,0.721292,0.25,0.08,0
23.8989,0.717464,0.25,0.08,0
23.9467,0.713636,0.25,0.08,0
23.9946,0.709809,0.25,0.08,0
24.0424,0.705981,0.25,0.08,0
24.0903,0.702153,0.25,0.08,0
24.1381,0.698325,0.25,0.08,0
24.186,0.694498,0.25,0.08,0
24.2338,0.69067,0.25,0.08,0
24.2817,0.686842,0.25,0.08,0
24.3295,0.683014,0.25,0.08,0
24.3774,0.679187,0.25,0.08,0
24.4252,0.675359,0.25,0.08,0
24.4731,0.671531,0.25,0.08,0
24.5209,0.667703,0.25,0.08,0
24.5688,0.663876,0.25,0.08,0
24.6166,0.660048,0.25,0.08,0
24.6645,0.65622,0.25,0.08,0
24.7123,0.652392,0.25,0.08,0
24.7601,0.648565,0.25,0.08,0
24.808,0.644737,0.25,0.08,0
24.8558,0.640909,0.25,0.08,0
24.9037,0.637081,0.25,0.08,0
24.9515,0.633254,0.25,0.08,0
24.9994,0.629426,0.25,0.08,0
25.0472,0.625598,0.25,0.08,0
25.0951,0.62177,0.25,0.08,0
25.1429,0.617943,0.25,0.08,0
25.1908,0.614115,0.25,0.08,0
25.2386,0.610287,0.25,0.08,0
25.2865,0.606459,0.25,0.08,0
25.3343,0.602632,0.25,0.08,0
25.3822,0.598804,0.25,0.08,0
25.43,0.594976,0.25,0.08,0
25.4778,0.591148,0.25,0.08,0
25.5257,0.587321,0.25,0.08,0
25.5735,0.583493,0.25,0.08,0
25.6214,0.579665,0.25,0.08,0
25.6692,0.575837,0.25,0.08,0
25.7171,0.57201,0.25,0.08,0
25.7649,0.568182,0.25,0.08,0
25.8128,0.564354,0.25,0.08,0
25.8606,0.560526,0.25,0.08,0
25.8606,0.558393,0.25,0.08,-0
25.901,0.55626,0.25,0.0799757,-0.00119988
25.9414,0.55413,0.25,0.0799034,-0.00237527
25.9818,0.552002,0.25,0.0797841,-0.00352617
26.0222,0.549879,0.25,0.0796188,-0.00465259
26.0626,0.547761,0.25,0.0794084,-0.00575451
26.103,0.54565,0.25,0.0791541,-0.00683196
26.1435,0.543548,0.25,0.0788567,-0.00788491
26.1839,0.541454,0.25,0.0785172,-0.00891338
26.2243,0.53937,0.25,0.0781367,-0.00991736
26.2647,0.537298,0.25,0.0777162,-0.0108968
26.3051,0.535238,0.25,0.0772565,-0.0118519
26.3455,0.533191,0.25,0.0767588,-0.0127824
26.3859,0.531158,0.25,0.0762239,-0.0136884
26.4263,0.529141,0.25,0.075653,-0.0145699
26.4667,0.527139,0.25,0.0750469,-0.015427
26.5071,0.525155,0.25,0.0744067,-0.0162596
26.5475,0.523189,0.25,0.0737333,-0.0170676
26.5879,0.521242,0.25,0.0730278,-0.0178512
26.6283,0.519314,0.25,0.0722911,-0.0186103
26.6687,0.517406,0.25,0.0715243,-0.019345
26.7091,0.51552,0.25,0.0707282,-0.0200551
26.7495,0.513656,0.25,0.069904,-0.0207407
26.7899,0.511815,0.25,0.0690525,-0.0214019
26.8303,0.509997,0.25,0.0681749,-0.0220386
26.8707,0.508203,0.25,0.067272,-0.0226507
26.9111,0.506434,0.25,0.0663448,-0.0232384
26.9515,0.50469,0.25,0.0653944,-0.0238017
26.9919,0.502972,0.25,0.0644218,-0.0243404
27.0323,0.501281,0.25,0.0634279,-0.0248546
27.0727,0.499616,0.25,0.0624137,-0.0253444
27.1131,0.497979,0.25,0.0613802,-0.0258096
27.1536,0.496371,0.25,0.0603284,-0.0262504
27.194,0.49479,0.25,0.0592593,-0.0266667
27.2344,0.493239,0.25,0.0581738,-0.0270585
27.2748,0.491717,0.25,0.057073,-0.0274258
27.3152,0.490225,0.25,0.0559579,-0.0277686
27.3556,0.488763,0.25,0.0548294,-0.0280869
27.396,0.487331,0.25,0.0536886,-0.0283808
27.4364,0.48593,0.25,0.0525364,-0.0286501
27.4768,0.48456,0.25,0.0513738,-0.028895
27.5172,0.483222,0.25,0.0502018,-0.0291154
27.5576,0.481914,0.25,0.0490213,-0.0293113
27.598,0.480639,0.25,0.0478335,-0.0294827
27.6384,0.479395,0.25,0.0466392,-0.0296296
27.6788,0.478183,0.25,0.0454395,-0.0297521
27.7192,0.477004,0.25,0.0442354,-0.02985
27.7596,0.475856,0.25,0.0430277,-0.0299235
27.8,0.474741,0.25,0.0418176,-0.0299725
27.8404,0.473658,0.25,0.040606,-0.0299969
27.8808,0.472608,0.25,0.039394,-0.0299969
27.9212,0.47159,0.25,0.0381824,-0.0299725
27.9616,0.470604,0.25,0.0369723,-0.0299235
28.002,0.46965,0.25,0.0357646,-0.02985
28.0424,0.468728,0.25,0.0345605,-0.0297521
28.0828,0.467839,0.25,0.0333608,-0.0296296
28.1233,0.466981,0.25,0.0321665,-0.0294827
28.1637,0.466155,0.25,0.0309787,-0.0293113
28.2041,0.46536,0.25,0.0297982,-0.0291154
28.2445,0.464597,0.25,0.0286262,-0.028895
28.2849,0.463864,0.25,0.0274636,-0.0286501
28.3253,0.463163,0.25,0.0263114,-0.0283808
28.3657,0.462492,0.25,0.0251706,-0.0280869
28.4061,0.461851,0.25,0.0240421,-0.0277686
28.4465,0.461239,0.25,0.022927,-0.0274258
28.4869,0.460657,0.25,0.0218262,-0.0270585
28.5273,0.460104,0.25,0.0207407,-0.0266667
28.5677,0.459579,0.25,0.0196716,-0.0262504
28.6081,0.459083,0.25,0.0186198,-0.0258096
28.6485,0.458614,0.25,0.0175863,-0.0253444
28.6889,0.458172,0.25,0.0165721,-0.0248546
28.7293,0.457757,0.25,0.0155782,-0.0243404
28.7697,0.457367,0.25,0.0146056,-0.0238017
28.8101,0.457003,0.25,0.0136552,-0.0232384
28.8505,0.456664,0.25,0.012728,-0.0226507
28.8909,0.456348,0.25,0.0118251,-0.0220386
28.9313,0.456056,0.25,0.0109475,-0.0214019
28.9717,0.455787,0.25,0.010096,-0.0207407
29.0121,0.45554,0.25,0.00927178,-0.0200551
29.0525,0.455314,0.25,0.00847574,-0.019345
29.0929,0.455108,0.25,0.00770888,-0.0186103
29.1334,0.454922,0.25,0.0069722,-0.0178512
29.1738,0.454755,0.25,0.00626669,-0.0170676
29.2142,0.454606,0.25,0.00559333,-0.0162596
29.2546,0.454474,0.25,0.00495311,-0.015427
29.295,0.454358,0.25,0.00434703,-0.0145699
29.3354,0.454257,0.25,0.00377607,-0.0136884
29.3758,0.454171,0.25,0.00324123,-0.0127824
29.4162,0.454098,0.25,0.00274348,-0.0118519
29.4566,0.454037,0.25,0.00228383,-0.0108968
29.497,0.453987,0.25,0.00186326,-0.00991736
29.5374,0.453948,0.25,0.00148276,-0.00891338
29.5778,0.453917,0.25,0.00114332,-0.00788491
29.6182,0.453895,0.25,0.000845925,-0.00683196
29.6586,0.453879,0.25,0.00059157,-0.00575451
29.699,0.453869,0.25,0.000381243,-0.00465259
29.7394,0.453863,0.25,0.000215933,-0.00352617
29.7798,0.45386,0.25,9.663e-05,-0.00237527
29.8202,0.45386,0.25,2.43224e-05,-0.00119988
29.8606,0.45386,0.25,0,-0
29.8606,0.45386,0.25,0,0
29.9049,0.45386,0.249999,6.83708e-05,0.00305436
29.9492,0.45386,0.249992,0.000267931,0.00592172
29.9936,0.45386,0.249973,0.000590478,0.00860593
30.0379,0.45386,0.249938,0.00102798,0.0111108
30.0822,0.45386,0.249881,0.00157259,0.0134403
30.1265,0.45386,0.249797,0.0022166,0.0155982
30.1708,0.45386,0.249683,0.0029525,0.0175884
30.2151,0.45386,0.249534,0.00377295,0.0194147
30.2594,0.45386,0.249347,0.00467077,0.0210811
30.3037,0.45386,0.249119,0.00563896,0.0225912
30.3481,0.45386,0.248847,0.00667067,0.0239491
30.3924,0.45386,0.248527,0.00775925,0.0251585
30.4367,0.45386,0.248158,0.0088982,0.0262233
30.481,0.45386,0.247738,0.0100812,0.0271474
30.5253,0.45386,0.247264,0.0113021,0.0279346
30.5696,0.45386,0.246736,0.0125549,0.0285887
30.6139,0.45386,0.246151,0.0138339,0.0291138
30.6582,0.45386,0.245509,0.0151333,0.0295135
30.7026,0.45386,0.24481,0.0164477,0.0297917
30.7469,0.45386,0.244052,0.0177719,0.0299524
30.7912,0.45386,0.243235,0.0191006,0.0299993
30.8355,0.45386,0.242359,0.0204289,0.0299363
30.8798,0.45386,0.241424,0.0217521,0.0297673
30.9241,0.45386,0.240431,0.0230655,0.0294961
30.9684,0.45386,0.23938,0.0243648,0.0291266
31.0127,0.45386,0.238272,0.0256455,0.0286627
31.0571,0.45386,0.237108,0.0269037,0.0281081
31.1014,0.45386,0.235888,0.0281353,0.0274667
31.1457,0.45386,0.234615,0.0293367,0.0267425
31.19,0.45386,0.233289,0.0305042,0.0259392
31.2343,0.45386,0.231912,0.0316344,0.0250608
31.2786,0.45386,0.230486,0.0327241,0.024111
31.3229,0.45386,0.229012,0.0337703,0.0230937
31.3673,0.45386,0.227494,0.0347699,0.0220128
31.4116,0.45386,0.225932,0.0357203,0.0208722
31.4559,0.45386,0.224329,0.0366189,0.0196757
31.5002,0.45386,0.222687,0.0374633,0.018427
31.5445,0.45386,0.221009,0.0382513,0.0171302
31.5888,0.45386,0.219298,0.0389808,0.0157891
31.6331,0.45386,0.217555,0.03965,0.0144075
31.6774,0.45386,0.215785,0.0402571,0.0129892
31.7218,0.45386,0.213989,0.0408006,0.0115382
31.7661,0.45386,0.21217,0.0412792,0.0100582
31.8104,0.45386,0.210331,0.0416917,0.00855323
31.8547,0.45386,0.208476,0.042037,0.00702702
31.899,0.45386,0.206607,0.0423142,0.00548345
31.9433,0.45386,0.204727,0.0425227,0.00392639
31.9876,0.45386,0.202839,0.042662,0.00235969
32.0319,0.45386,0.200947,0.0427318,0.000787206
32.0763,0.45386,0.199053,0.0427318,-0.000787206
32.1206,0.45386,0.197161,0.042662,-0.00235969
32.1649,0.45386,0.195273,0.0425227,-0.00392639
32.2092,0.45386,0.193393,0.0423142,-0.00548345
32.2535,0.45386,0.191524,0.042037,-0.00702702
32.2978,0.45386,0.189669,0.0416917,-0.00855323
32.3421,0.45386,0.18783,0.0412792,-0.0100582
32.3864,0.45386,0.186011,0.0408006,-0.0115382
32.4308,0.45386,0.184215,0.0402571,-0.0129892
32.4751,0.45386,0.182445,0.03965,-0.0144075
32.5194,0.45386,0.180702,0.0389808,-0.0157891
32.5637,0.45386,0.178991,0.0382513,-0.0171302
32.608,0.45386,0.177313,0.0374633,-0.018427
32.6523,0.45386,0.175671,0.0366189,-0.0196757
32.6966,0.45386,0.174068,0.0357203,-0.0208722
32.7409,0.45386,0.172506,0.0347699,-0.0220128
32.7853,0.45386,0.170988,0.0337703,-0.0230937
32.8296,0.45386,0.169514,0.0327241,-0.024111
32.8739,0.45386,0.168088,0.0316344,-0.0250608
32.9182,0.45386,0.166711,0.0305042,-0.0259392
32.9625,0.45386,0.165385,0.0293367,-0.0267425
33.0068,0.45386,0.164112,0.0281353,-0.0274667
33.0511,0.45386,0.162892,0.0269037,-0.0281081
33.0954,0.45386,0.161728,0.0256455,-0.0286627
33.1398,0.45386,0.16062,0.0243648,-0.0291266
33.1841,0.45386,0.159569,0.0230655,-0.0294961
33.2284,0.45386,0.158576,0.0217521,-0.0297673
33.2727,0.45386,0.157641,0.0204289,-0.0299363
33.317,0.45386,0.156765,0.0191006,-0.0299993
33.3613,0.45386,0.155948,0.0177719,-0.0299524
33.4056,0.45386,0.15519,0.0164477,-0.0297917
33.4499,0.45386,0.154491,0.0151333,-0.0295135
33.4943,0.45386,0.153849,0.0138339,-0.0291138
33.5386,0.45386,0.153264,0.0125549,-0.0285887
33.5829,0.45386,0.152736,0.0113021,-0.0279346
33.6272,0.45386,0.152262,0.0100812,-0.0271474
33.6715,0.45386,0.151842,0.0088982,-0.0262233
33.7158,0.45386,0.151473,0.00775925,-0.0251585
33.7601,0.45386,0.151153,0.00667067,-0.0239491
33.8044,0.45386,0.150881,0.00563896,-0.0225912
33.8488,0.45386,0.150653,0.00467077,-0.0210811
33.8931,0.45386,0.150466,0.00377295,-0.0194147
33.9374,0.45386,0.150317,0.0029525,-0.0175884
33.9817,0.45386,0.150203,0.0022166,-0.0155982
34.026,0.45386,0.150119,0.00157259,-0.0134403
34.0703,0.45386,0.150062,0.00102798,-0.0111108
34.1146,0.45386,0.150027,0.000590478,-0.00860593
34.1589,0.45386,0.150008,0.000267931,-0.00592172
34.2033,0.45386,0.150001,6.83708e-05,-0.00305436
34.2476,0.45386,0.15,0,0
34.2476,0.45386,0.15,0,0
34.288,0.45386,0.15,2.43224e-05,0.00119988
34.3284,0.453863,0.15,9.663e-05,0.00237527
34.3688,0.453869,0.15,0.000215933,0.00352617
34.4092,0.453879,0.15,0.000381243,0.00465259
34.4496,0.453895,0.15,0.00059157,0.00575451
34.49,0.453917,0.15,0.000845925,0.00683196
34.5304,0.453948,0.15,0.00114332,0.00788491
34.5708,0.453987,0.15,0.00148276,0.00891338
34.6112,0.454037,0.15,0.00186326,0.00991736
34.6516,0.454098,0.15,0.00228383,0.0108968
34.692,0.454171,0.15,0.00274348,0.0118519
34.7324,0.454257,0.15,0.00324123,0.0127824
34.7728,0.454358,0.15,0.00377607,0.0136884
34.8132,0.454474,0.15,0.00434703,0.0145699
34.8536,0.454606,0.15,0.00495311,0.015427
34.894,0.454755,0.15,0.00559333,0.0162596
34.9344,0.454922,0.15,0.00626669,0.0170676
34.9748,0.455108,0.15,0.0069722,0.0178512
35.0152,0.455314,0.15,0.00770888,0.0186103
35.0556,0.45554,0.15,0.00847574,0.019345
35.096,0.455787,0.15,0.00927178,0.0200551
35.1365,0.456056,0.15,0.010096,0.0207407
35.1769,0.456348,0.15,0.0109475,0.0214019
35.2173,0.456664,0.15,0.0118251,0.0220386
35.2577,0.457003,0.15,0.012728,0.0226507
35.2981,0.457367,0.15,0.0136552,0.0232384
35.3385,0.457757,0.15,0.0146056,0.0238017
35.3789,0.458172,0.15,0.0155782,0.0243404
35.4193,0.458614,0.15,0.0165721,0.0248546
35.4597,0.459083,0.15,0.0175863,0.0253444
35.5001,0.459579,0.15,0.0186198,0.0258096
35.5405,0.460104,0.15,0.0196716,0.0262504
35.5809,0.460657,0.15,0.0207407,0.0266667
35.6213,0.461239,0.15,0.0218262,0.0270585
35.6617,0.461851,0.15,0.022927,0.0274258
35.7021,0.462492,0.15,0.0240421,0.0277686
35.7425,0.463163,0.15,0.0251706,0.0280869
35.7829,0.463864,0.15,0.0263114,0.0283808
35.8233,0.464597,0.15,0.0274636,0.0286501
35.8637,0.46536,0.15,0.0286262,0.028895
35.9041,0.466155,0.15,0.0297982,0.0291154
35.9445,0.466981,0.15,0.0309787,0.0293113
35.9849,0.467839,0.15,0.0321665,0.0294827
36.0253,0.468728,0.15,0.0333608,0.0296296
36.0657,0.46965,0.15,0.0345605,0.0297521
36.1062,0.470604,0.15,0.0357646,0.02985
36.1466,0.47159,0.15,0.0369723,0.0299235
36.187,0.472608,0.15,0.0381824,0.0299725
36.2274,0.473658,0.15,0.039394,0.0299969
36.2678,0.474741,0.15,0.040606,0.0299969
36.3082,0.475856,0.15,0.0418176,0.0299725
36.3486,0.477004,0.15,0.0430277,0.0299235
36.389,0.478183,0.15,0.0442354,0.02985
36.4294,0.479395,0.15,0.0454395,0.0297521
36.4698,0.480639,0.15,0.0466392,0.0296296
36.5102,0.481914,0.15,0.0478335,0.0294827
36.5506,0.483222,0.15,0.0490213,0.0293113
36.591,0.48456,0.15,0.0502018,0.0291154
36.6314,0.48593,0.15,0.0513738,0.028895
36.6718,0.487331,0.15,0.0525364,0.0286501
36.7122,0.488763,0.15,0.0536886,0.0283808
36.7526,0.490225,0.15,0.0548294,0.0280869
36.793,0.491717,0.15,0.0559579,0.0277686
36.8334,0.493239,0.15,0.057073,0.0274258
36.8738,0.49479,0.15,0.0581738,0.0270585
36.9142,0.496371,0.15,0.0592593,0.0266667
36.9546,0.497979,0.15,0.0603284,0.0262504
36.995,0.499616,0.15,0.0613802,0.0258096
37.0354,0.501281,0.15,0.0624137,0.0253444
37.0758,0.502972,0.15,0.0634279,0.0248546
37.1163,0.50469,0.15,0.0644218,0.0243404
37.1567,0.506434,0.15,0.0653944,0.0238017
37.1971,0.508203,0.15,0.0663448,0.0232384
37.2375,0.509997,0.15,0.067272,0.0226507
37.2779,0.511815,0.15,0.0681749,0.0220386
37.3183,0.513656,0.15,0.0690525,0.0214019
37.3587,0.51552,0.15,0.069904,0.0207407
37.3991,0.517406,0.15,0.0707282,0.0200551
37.4395,0.519314,0.15,0.0715243,0.019345
37.4799,0.521242,0.15,0.0722911,0.0186103
37.5203,0.523189,0.15,0.0730278,0.0178512
37.5607,0.525155,0.15,0.0737333,0.0170676
37.6011,0.527139,0.15,0.0744067,0.0162596
37.6415,0.529141,0.15,0.0750469,0.015427
37.6819,0.531158,0.15,0.075653,0.0145699
37.7223,0.533191,0.15,0.0762239,0.0136884
37.7627,0.535238,0.15,0.0767588,0.0127824
37.8031,0.537298,0.15,0.0772565,0.0118519
37.8435,0.53937,0.15,0.0777162,0.0108968
37.8839,0.541454,0.15,0.0781367,0.00991736
37.9243,0.543548,0.15,0.0785172,0.00891338
37.9647,0.54565,0.15,0.0788567,0.00788491
38.0051,0.547761,0.15,0.0791541,0.00683196
38.0455,0.549879,0.15,0.0794084,0.00575451
38.0859,0.552002,0.15,0.0796188,0.00465259
38.1264,0.55413,0.15,0.0797841,0.00352617
38.1668,0.55626,0.15,0.0799034,0.00237527
38.2072,0.558393,0.15,0.0799757,0.00119988
38.2476,0.560526,0.15,0.08,0
38.2476,0.560526,0.15,0.08,0
38.2954,0.564354,0.15,0.08,0
38.3433,0.568182,0.15,0.08,0
38.3911,0.57201,0.15,0.08,0
38.439,0.575837,0.15,0.08,0
38.4868,0.579665,0.15,0.08,0
38.5346,0.583493,0.15,0.08,0
38.5825,0.587321,0.15,0.08,0
38.6303,0.591148,0.15,0.08,0
38.6782,0.594976,0.15,0.08,0
38.726,0.598804,0.15,0.08,0
38.7739,0.602632,0.15,0.08,0
38.8217,0.606459,0.15,0.08,0
38.8696,0.610287,0.15,0.08,0
38.9174,0.614115,0.15,0.08,0
38.9653,0.617943,0.15,0.08,0
39.0131,0.62177,0.15,0.08,0
39.061,0.625598,0.15,0.08,0
39.1088,0.629426,0.15,0.08,0
39.1567,0.633254,0.15,0.08,0
39.2045,0.637081,0.15,0.08,0
39.2523,0.640909,0.15,0.08,0
39.3002,0.644737,0.15,0.08,0
39.348,0.648565,0.15,0.08,0
39.3959,0.652392,0.15,0.08,0
39.4437,0.65622,0.15,0.08,0
39.4916,0.660048,0.15,0.08,0
39.5394,0.663876,0.15,0.08,0
39.5873,0.667703,0.15,0.08,0
39.6351,0.671531,0.15,0.08,0
39.683,0.675359,0.15,0.08,0
39.7308,0.679187,0.15,0.08,0
39.7787,0.683014,0.15,0.08,0
39.8265,0.686842,0.15,0.08,0
39.8744,0.69067,0.15,0.08,0
39.9222,0.694498,0.15,0.08,0
39.9701,0.698325,0.15,0.08,0
40.0179,0.702153,0.15,0.08,0
40.0657,0.705981,0.15,0.08,0
40.1136,0.709809,0.15,0.08,0
40.1614,0.713636,0.15,0.08,0
40.2093,0.717464,0.15,0.08,0
40.2571,0.721292,0.15,0.08,0
40.305,0.72512,0.15,0.08,0
40.3528,0.728947,0.15,0.08,0
40.4007,0.732775,0.15,0.08,0
40.4485,0.736603,0.15,0.08,0
40.4964,0.740431,0.15,0.08,0
40.5442,0.744258,0.15,0.08,0
40.5921,0.748086,0.15,0.08,0
40.6399,0.751914,0.15,0.08,0
40.6878,0.755742,0.15,0.08,0
40.7356,0.759569,0.15,0.08,0
40.7834,0.763397,0.15,0.08,0
40.8313,0.767225,0.15,0.08,0
40.8791,0.771053,0.15,0.08,0
40.927,0.77488,0.15,0.08,0
40.9748,0.778708,0.15,0.08,0
41.0227,0.782536,0.15,0.08,0
41.0705,0.786364,0.15,0.08,0
41.1184,0.790191,0.15,0.08,0
41.1662,0.794019,0.15,0.08,0
41.2141,0.797847,0.15,0.08,0
41.2619,0.801675,0.15,0.08,0
41.3098,0.805502,0.15,0.08,0
41.3576,0.80933,0.15,0.08,0
41.4055,0.813158,0.15,0.08,0
41.4533,0.816986,0.15,0.08,0
41.5012,0.820813,0.15,0.08,0
41.549,0.824641,0.15,0.08,0
41.5968,0.828469,0.15,0.08,0
41.6447,0.832297,0.15,0.08,0
41.6925,0.836124,0.15,0.08,0
41.7404,0.839952,0.15,0.08,0
41.7882,0.84378,0.15,0.08,0
41.8361,0.847608,0.15,0.08,0
41.8839,0.851435,0.15,0.08,0
41.9318,0.855263,0.15,0.08,0
41.9796,0.859091,0.15,0.08,0
42.0275,0.862919,0.15,0.08,0
42.0753,0.866746,0.15,0.08,0
42.1232,0.870574,0.15,0.08,0
42.171,0.874402,0.15,0.08,0
42.2189,0.87823,0.15,0.08,0
42.2667,0.882057,0.15,0.08,0
42.3145,0.885885,0.15,0.08,0
42.3624,0.889713,0.15,0.08,0
42.4102,0.893541,0.15,0.08,0
42.4581,0.897368,0.15,0.08,0
42.5059,0.901196,0.15,0.08,0
42.5538,0.905024,0.15,0.08,0
42.6016,0.908852,0.15,0.08,0
42.6495,0.912679,0.15,0.08,0
42.6973,0.916507,0.15,0.08,0
42.7452,0.920335,0.15,0.08,0
42.793,0.924163,0.15,0.08,0
42.8409,0.92799,0.15,0.08,0
42.8887,0.931818,0.15,0.08,0
42.9366,0.935646,0.15,0.08,0
42.9844,0.939474,0.15,0.08,0
42.9844,0.941607,0.15,0.08,-0
43.0248,0.94374,0.15,0.0799757,-0.00119988
43.0652,0.94587,0.15,0.0799034,-0.00237527
43.1056,0.947998,0.15,0.0797841,-0.00352617
43.146,0.950121,0.15,0.0796188,-0.00465259
43.1864,0.952239,0.15,0.0794084,-0.00575451
43.2268,0.95435,0.15,0.0791541,-0.00683196
43.2672,0.956452,0.15,0.0788567,-0.00788491
43.3076,0.958546,0.15,0.0785172,-0.00891338
43.348,0.96063,0.15,0.0781367,-0.00991736
43.3884,0.962702,0.15,0.0777162,-0.0108968
43.4289,0.964762,0.15,0.0772565,-0.0118519
43.4693,0.966809,0.15,0.0767588,-0.0127824
43.5097,0.968842,0.15,0.0762239,-0.0136884
43.5501,0.970859,0.15,0.075653,-0.0145699
43.5905,0.972861,0.15,0.0750469,-0.015427
43.6309,0.974845,0.15,0.0744067,-0.0162596
43.6713,0.976811,0.15,0.0737333,-0.0170676
43.7117,0.978758,0.15,0.0730278,-0.0178512
43.7521,0.980686,0.15,0.0722911,-0.0186103
43.7925,0.982594,0.15,0.0715243,-0.019345
43.8329,0.98448,0.15,0.0707282,-0.0200551
43.8733,0.986344,0.15,0.069904,-0.0207407
43.9137,0.988185,0.15,0.0690525,-0.0214019
43.9541,0.990003,0.15,0.0681749,-0.0220386
43.9945,0.991797,0.15,0.067272,-0.0226507
44.0349,0.993566,0.15,0.0663448,-0.0232384
44.0753,0.99531,0.15,0.0653944,-0.0238017
44.1157,0.997028,0.15,0.0644218,-0.0243404
44.1561,0.998719,0.15,0.0634279,-0.0248546
44.1965,1.00038,0.15,0.0624137,-0.0253444
44.2369,1.00202,0.15,0.0613802,-0.0258096
44.2773,1.00363,0.15,0.0603284,-0.0262504
44.3177,1.00521,0.15,0.0592593,-0.0266667
44.3581,1.00676,0.15,0.0581738,-0.0270585
44.3985,1.00828,0.15,0.057073,-0.0274258
44.439,1.00978,0.15,0.0559579,-0.0277686
44.4794,1.01124,0.15,0.0548294,-0.0280869
44.5198,1.01267,0.15,0.0536886,-0.0283808
44.5602,1.01407,0.15,0.0525364,-0.0286501
44.6006,1.01544,0.15,0.0513738,-0.028895
44.641,1.01678,0.15,0.0502018,-0.0291154
44.6814,1.01809,0.15,0.0490213,-0.0293113
44.7218,1.01936,0.15,0.0478335,-0.0294827
44.7622,1.0206,0.15,0.0466392,-0.0296296
44.8026,1.02182,0.15,0.0454395,-0.0297521
44.843,1.023,0.15,0.0442354,-0.02985
44.8834,1.02414,0.15,0.0430277,-0.0299235
44.9238,1.02526,0.15,0.0418176,-0.0299725
44.9642,1.02634,0.15,0.040606,-0.0299969
45.0046,1.02739,0.15,0.039394,-0.0299969
45.045,1.02841,0.15,0.0381824,-0.0299725
45.0854,1.0294,0.15,0.0369723,-0.0299235
45.1258,1.03035,0.15,0.0357646,-0.02985
45.1662,1.03127,0.15,0.0345605,-0.0297521
45.2066,1.03216,0.15,0.0333608,-0.0296296
45.247,1.03302,0.15,0.0321665,-0.0294827
45.2874,1.03385,0.15,0.0309787,-0.0293113
45.3278,1.03464,0.15,0.0297982,-0.0291154
45.3682,1.0354,0.15,0.0286262,-0.028895
45.4086,1.03614,0.15,0.0274636,-0.0286501
45.4491,1.03684,0.15,0.0263114,-0.0283808
45.4895,1.03751,0.15,0.0251706,-0.0280869
45.5299,1.03815,0.15,0.0240421,-0.0277686
45.5703,1.03876,0.15,0.022927,-0.0274258
45.6107,1.03934,0.15,0.0218262,-0.0270585
45.6511,1.0399,0.15,0.0207407,-0.0266667
45.6915,1.04042,0.15,0.0196716,-0.0262504
45.7319,1.04092,0.15,0.0186198,-0.0258096
45.7723,1.04139,0.15,0.0175863,-0.0253444
45.8127,1.04183,0.15,0.0165721,-0.0248546
45.8531,1.04224,0.15,0.0155782,-0.0243404
45.8935,1.04263,0.15,0.0146056,-0.0238017
45.9339,1.043,0.15,0.0136552,-0.0232384
45.9743,1.04334,0.15,0.012728,-0.0226507
46.0147,1.04365,0.15,0.0118251,-0.0220386
46.0551,1.04394,0.15,0.0109475,-0.0214019
46.0955,1.04421,0.15,0.010096,-0.0207407
46.1359,1.04446,0.15,0.00927178,-0.0200551
46.1763,1.04469,0.15,0.00847574,-0.019345
46.2167,1.04489,0.15,0.00770888,-0.0186103
46.2571,1.04508,0.15,0.0069722,-0.0178512
46.2975,1.04524,0.15,0.00626669,-0.0170676
46.3379,1.04539,0.15,0.00559333,-0.0162596
46.3783,1.04553,0.15,0.00495311,-0.015427
46.4187,1.04564,0.15,0.00434703,-0.0145699
46.4592,1.04574,0.15,0.00377607,-0.0136884
46.4996,1.04583,0.15,0.00324123,-0.0127824
46.54,1.0459,0.15,0.00274348,-0.0118519
46.5804,1.04596,0.15,0.00228383,-0.0108968
46.6208,1.04601,0.15,0.00186326,-0.00991736
46.6612,1.04605,0.15,0.00148276,-0.00891338
46.7016,1.04608,0.15,0.00114332,-0.00788491
46.742,1.04611,0.15,0.000845925,-0.00683196
46.7824,1.04612,0.15,0.00059157,-0.00575451
46.8228,1.04613,0.15,0.000381243,-0.00465259
46.8632,1.04614,0.15,0.000215933,-0.00352617
46.9036,1.04614,0.15,9.663e-05,-0.00237527
46.944,1.04614,0.15,2.43224e-05,-0.00119988
46.9844,1.04614,0.15,0,-0
46.9844,1.04614,0.15,0,0
47.0287,1.04614,0.149999,6.83708e-05,0.00305436
47.073,1.04614,0.149992,0.000267931,0.00592172
47.1173,1.04614,0.149973,0.000590478,0.00860593
47.1617,1.04614,0.149938,0.00102798,0.0111108
47.206,1.04614,0.149881,0.00157259,0.0134403
47.2503,1.04614,0.149797,0.0022166,0.0155982
47.2946,1.04614,0.149683,0.0029525,0.0175884
47.3389,1.04614,0.149534,0.00377295,0.0194147
47.3832,1.04614,0.149347,0.00467077,0.0210811
47.4275,1.04614,0.149119,0.00563896,0.0225912
47.4718,1.04614,0.148847,0.00667067,0.0239491
47.5162,1.04614,0.148527,0.00775925,0.0251585
47.5605,1.04614,0.148158,0.0088982,0.0262233
47.6048,1.04614,0.147738,0.0100812,0.0271474
47.6491,1.04614,0.147264,0.0113021,0.0279346
47.6934,1.04614,0.146736,0.0125549,0.0285887
47.7377,1.04614,0.146151,0.0138339,0.0291138
47.782,1.04614,0.145509,0.0151333,0.0295135
47.8263,1.04614,0.14481,0.0164477,0.0297917
47.8707,1.04614,0.144052,0.0177719,0.0299524
47.915,1.04614,0.143235,0.0191006,0.0299993
47.9593,1.04614,0.142359,0.0204289,0.0299363
48.0036,1.04614,0.141424,0.0217521,0.0297673
48.0479,1.04614,0.140431,0.0230655,0.0294961
48.0922,1.04614,0.13938,0.0243648,0.0291266
48.1365,1.04614,0.138272,0.0256455,0.0286627
48.1808,1.04614,0.137108,0.0269037,0.0281081
48.2252,1.04614,0.135888,0.0281353,0.0274667
48.2695,1.04614,0.134615,0.0293367,0.0267425
48.3138,1.04614,0.133289,0.0305042,0.0259392
48.3581,1.04614,0.131912,0.0316344,0.0250608
48.4024,1.04614,0.130486,0.0327241,0.024111
48.4467,1.04614,0.129012,0.0337703,0.0230937
48.491,1.04614,0.127494,0.0347699,0.0220128
48.5353,1.04614,0.125932,0.0357203,0.0208722
48.5797,1.04614,0.124329,0.0366189,0.0196757
48.624,1.04614,0.122687,0.0374633,0.018427
48.6683,1.04614,0.121009,0.0382513,0.0171302
48.7126,1.04614,0.119298,0.0389808,0.0157891
48.7569,1.04614,0.117555,0.03965,0.0144075
48.8012,1.04614,0.115785,0.0402571,0.0129892
48.8455,1.04614,0.113989,0.0408006,0.0115382
48.8898,1.04614,0.11217,0.0412792,0.0100582
48.9342,1.04614,0.110331,0.0416917,0.00855323
48.9785,1.04614,0.108476,0.042037,0.00702702
49.0228,1.04614,0.106607,0.0423142,0.00548345
49.0671,1.04614,0.104727,0.0425227,0.00392639
49.1114,1.04614,0.102839,0.042662,0.00235969
49.1557,1.04614,0.100947,0.0427318,0.000787206
49.2,1.04614,0.0990531,0.0427318,-0.000787206
49.2443,1.04614,0.0971608,0.042662,-0.00235969
49.2887,1.04614,0.0952732,0.0425227,-0.00392639
49.333,1.04614,0.0933933,0.0423142,-0.00548345
49.3773,1.04614,0.0915241,0.042037,-0.00702702
49.4216,1.04614,0.0896687,0.0416917,-0.00855323
49.4659,1.04614,0.0878302,0.0412792,-0.0100582
49.5102,1.04614,0.0860114,0.0408006,-0.0115382
49.5545,1.04614,0.0842152,0.0402571,-0.0129892
49.5988,1.04614,0.0824445,0.03965,-0.0144075
49.6432,1.04614,0.0807021,0.0389808,-0.0157891
49.6875,1.04614,0.0789907,0.0382513,-0.0171302
49.7318,1.04614,0.077313,0.0374633,-0.018427
49.7761,1.04614,0.0756714,0.0366189,-0.0196757
49.8204,1.04614,0.0740684,0.0357203,-0.0208722
49.8647,1.04614,0.0725064,0.0347699,-0.0220128
49.909,1.04614,0.0709877,0.0337703,-0.0230937
49.9533,1.04614,0.0695142,0.0327241,-0.024111
49.9977,1.04614,0.0680881,0.0316344,-0.0250608
50.042,1.04614,0.0667112,0.0305042,-0.0259392
50.0863,1.04614,0.0653852,0.0293367,-0.0267425
50.1306,1.04614,0.0641118,0.0281353,-0.0274667
50.1749,1.04614,0.0628922,0.0269037,-0.0281081
50.2192,1.04614,0.0617278,0.0256455,-0.0286627
50.2635,1.04614,0.0606197,0.0243648,-0.0291266
50.3078,1.04614,0.0595688,0.0230655,-0.0294961
50.3522,1.04614,0.0585757,0.0217521,-0.0297673
50.3965,1.04614,0.0576411,0.0204289,-0.0299363
50.4408,1.04614,0.0567653,0.0191006,-0.0299993
50.4851,1.04614,0.0559483,0.0177719,-0.0299524
50.5294,1.04614,0.0551902,0.0164477,-0.0297917
50.5737,1.04614,0.0544905,0.0151333,-0.0295135
50.618,1.04614,0.0538488,0.0138339,-0.0291138
50.6623,1.04614,0.0532642,0.0125549,-0.0285887
50.7067,1.04614,0.0527357,0.0113021,-0.0279346
50.751,1.04614,0.052262,0.0100812,-0.0271474
50.7953,1.04614,0.0518417,0.0088982,-0.0262233
50.8396,1.04614,0.0514728,0.00775925,-0.0251585
50.8839,1.04614,0.0511533,0.00667067,-0.0239491
50.9282,1.04614,0.0508808,0.00563896,-0.0225912
50.9725,1.04614,0.0506526,0.00467077,-0.0210811
51.0168,1.04614,0.0504658,0.00377295,-0.0194147
51.0612,1.04614,0.0503171,0.0029525,-0.0175884
51.1055,1.04614,0.0502029,0.0022166,-0.0155982
51.1498,1.04614,0.0501193,0.00157259,-0.0134403
51.1941,1.04614,0.050062,0.00102798,-0.0111108
51.2384,1.04614,0.0500266,0.000590478,-0.00860593
51.2827,1.04614,0.050008,0.000267931,-0.00592172
51.327,1.04614,0.050001,6.83708e-05,-0.00305436
51.3713,1.04614,0.05,0,0
51.3713,1.04614,0.05,0,0
51.4118,1.04614,0.05,2.43224e-05,0.00119988
51.4522,1.04614,0.05,9.663e-05,0.00237527
51.4926,1.04613,0.05,0.000215933,0.00352617
51.533,1.04612,0.05,0.000381243,0.00465259
51.5734,1.04611,0.05,0.00059157,0.00575451
51.6138,1.04608,0.05,0.000845925,0.00683196
51.6542,1.04605,0.05,0.00114332,0.00788491
51.6946,1.04601,0.05,0.00148276,0.00891338
51.735,1.04596,0.05,0.00186326,0.00991736
51.7754,1.0459,0.05,0.00228383,0.0108968
51.8158,1.04583,0.05,0.00274348,0.0118519
51.8562,1.04574,0.05,0.00324123,0.0127824
51.8966,1.04564,0.05,0.00377607,0.0136884
51.937,1.04553,0.05,0.00434703,0.0145699
51.9774,1.04539,0.05,0.00495311,0.015427
52.0178,1.04524,0.05,0.00559333,0.0162596
52.0582,1.04508,0.05,0.00626669,0.0170676
52.0986,1.04489,0.05,0.0069722,0.0178512
52.139,1.04469,0.05,0.00770888,0.0186103
52.1794,1.04446,0.05,0.00847574,0.019345
52.2198,1.04421,0.05,0.00927178,0.0200551
52.2602,1.04394,0.05,0.010096,0.0207407
52.3006,1.04365,0.05,0.0109475,0.0214019
52.341,1.04334,0.05,0.0118251,0.0220386
52.3814,1.043,0.05,0.012728,0.0226507
52.4219,1.04263,0.05,0.0136552,0.0232384
52.4623,1.04224,0.05,0.0146056,0.0238017
52.5027,1.04183,0.05,0.0155782,0.0243404
52.5431,1.04139,0.05,0.0165721,0.0248546
52.5835,1.04092,0.05,0.0175863,0.0253444
52.6239,1.04042,0.05,0.0186198,0.0258096
52.6643,1.0399,0.05,0.0196716,0.0262504
52.7047,1.03934,0.05,0.0207407,0.0266667
52.7451,1.03876,0.05,0.0218262,0.0270585
52.7855,1.03815,0.05,0.022927,0.0274258
52.8259,1.03751,0.05,0.0240421,0.0277686
52.8663,1.03684,0.05,0.0251706,0.0280869
52.9067,1.03614,0.05,0.0263114,0.0283808
52.9471,1.0354,0.05,0.0274636,0.0286501
52.9875,1.03464,0.05,0.0286262,0.028895
53.0279,1.03385,0.05,0.0297982,0.0291154
53.0683,1.03302,0.05,0.0309787,0.0293113
53.1087,1.03216,0.05,0.0321665,0.0294827
53.1491,1.03127,0.05,0.0333608,0.0296296
53.1895,1.03035,0.05,0.0345605,0.0297521
53.2299,1.0294,0.05,0.0357646,0.02985
53.2703,1.02841,0.05,0.0369723,0.0299235
53.3107,1.02739,0.05,0.0381824,0.0299725
53.3511,1.02634,0.05,0.039394,0.0299969
53.3915,1.02526,0.05,0.040606,0.0299969
53.432,1.02414,0.05,0.0418176,0.0299725
53.4724,1.023,0.05,0.0430277,0.0299235
53.5128,1.02182,0.05,0.0442354,0.02985
53.5532,1.0206,0.05,0.0454395,0.0297521
53.5936,1.01936,0.05,0.0466392,0.0296296
53.634,1.01809,0.05,0.0478335,0.0294827
53.6744,1.01678,0.05,0.0490213,0.0293113
53.7148,1.01544,0.05,0.0502018,0.0291154
53.7552,1.01407,0.05,0.0513738,0.028895
53.7956,1.01267,0.05,0.0525364,0.0286501
53.836,1.01124,0.05,0.0536886,0.0283808
53.8764,1.00978,0.05,0.0548294,0.0280869
53.9168,1.00828,0.05,0.0559579,0.0277686
53.9572,1.00676,0.05,0.057073,0.0274258
53.9976,1.00521,0.05,0.0581738,0.0270585
54.038,1.00363,0.05,0.0592593,0.0266667
54.0784,1.00202,0.05,0.0603284,0.0262504
54.1188,1.00038,0.05,0.0613802,0.0258096
54.1592,0.998719,0.05,0.0624137,0.0253444
54.1996,0.997028,0.05,0.0634279,0.0248546
54.24,0.99531,0.05,0.0644218,0.0243404
54.2804,0.993566,0.05,0.0653944,0.0238017
54.3208,0.991797,0.05,0.0663448,0.0232384
54.3612,0.990003,0.05,0.067272,0.0226507
54.4016,0.988185,0.05,0.0681749,0.0220386
54.4421,0.986344,0.05,0.0690525,0.0214019
54.4825,0.98448,0.05,0.069904,0.0207407
54.5229,0.982594,0.05,0.0707282,0.0200551
54.5633,0.980686,0.05,0.0715243,0.019345
54.6037,0.978758,0.05,0.0722911,0.0186103
54.6441,0.976811,0.05,0.0730278,0.0178512
54.6845,0.974845,0.05,0.0737333,0.0170676
54.7249,0.972861,0.05,0.0744067,0.0162596
54.7653,0.970859,0.05,0.0750469,0.015427
54.8057,0.968842,0.05,0.075653,0.0145699
54.8461,0.966809,0.05,0.0762239,0.0136884
54.8865,0.964762,0.05,0.0767588,0.0127824
54.9269,0.962702,0.05,0.0772565,0.0118519
54.9673,0.96063,0.05,0.0777162,0.0108968
55.0077,0.958546,0.05,0.0781367,0.00991736
55.0481,0.956452,0.05,0.0785172,0.00891338
55.0885,0.95435,0.05,0.0788567,0.00788491
55.1289,0.952239,0.05,0.0791541,0.00683196
55.1693,0.950121,0.05,0.0794084,0.00575451
55.2097,0.947998,0.05,0.0796188,0.00465259
55.2501,0.94587,0.05,0.0797841,0.00352617
55.2905,0.94374,0.05,0.0799034,0.00237527
55.3309,0.941607,0.05,0.0799757,0.00119988
55.3713,0.939474,0.05,0.08,0
55.3713,0.939474,0.05,0.08,0
55.4192,0.935646,0.05,0.08,0
55.467,0.931818,0.05,0.08,0
55.5149,0.92799,0.05,0.08,0
55.5627,0.924163,0.05,0.08,0
55.6106,0.920335,0.05,0.08,0
55.6584,0.916507,0.05,0.08,0
55.7063,0.912679,0.05,0.08,0
55.7541,0.908852,0.05,0.08,0
55.802,0.905024,0.05,0.08,0
55.8498,0.901196,0.05,0.08,0
55.8977,0.897368,0.05,0.08,0
55.9455,0.893541,0.05,0.08,0
55.9934,0.889713,0.05,0.08,0
56.0412,0.885885,0.05,0.08,0
56.089,0.882057,0.05,0.08,0
56.1369,0.87823,0.05,0.08,0
56.1847,0.874402,0.05,0.08,0
56.2326,0.870574,0.05,0.08,0
56.2804,0.866746,0.05,0.08,0
56.3283,0.862919,0.05,0.08,0
56.3761,0.859091,0.05,0.08,0
56.424,0.855263,0.05,0.08,0
56.4718,0.851435,0.05,0.08,0
56.5197,0.847608,0.05,0.08,0
56.5675,0.84378,0.05,0.08,0
56.6154,0.839952,0.05,0.08,0
56.6632,0.836124,0.05,0.08,0
56.7111,0.832297,0.05,0.08,0
56.7589,0.828469,0.05,0.08,0
56.8068,0.824641,0.05,0.08,0
56.8546,0.820813,0.05,0.08,0
56.9024,0.816986,0.05,0.08,0
56.9503,0.813158,0.05,0.08,0
56.9981,0.80933,0.05,0.08,0
57.046,0.805502,0.05,0.08,0
57.0938,0.801675,0.05,0.08,0
57.1417,0.797847,0.05,0.08,0
57.1895,0.794019,0.05,0.08,0
57.2374,0.790191,0.05,0.08,0
57.2852,0.786364,0.05,0.08,0
57.3331,0.782536,0.05,0.08,0
57.3809,0.778708,0.05,0.08,0
57.4288,0.77488,0.05,0.08,0
57.4766,0.771053,0.05,0.08,0
57.5245,0.767225,0.05,0.08,0
57.5723,0.763397,0.05,0.08,0
57.6202,0.759569,0.05,0.08,0
57.668,0.755742,0.05,0.08,0
57.7158,0.751914,0.05,0.08,0
57.7637,0.748086,0.05,0.08,0
57.8115,0.744258,0.05,0.08,0
57.8594,0.740431,0.05,0.08,0
57.9072,0.736603,0.05,0.08,0
57.9551,0.732775,0.05,0.08,0
58.0029,0.728947,0.05,0.08,0
58.0508,0.72512,0.05,0.08,0
58.0986,0.721292,0.05,0.08,0
58.1465,0.717464,0.05,0.08,0
58.1943,0.713636,0.05,0.08,0
58.2422,0.709809,0.05,0.08,0
58.29,0.705981,0.05,0.08,0
58.3379,0.702153,0.05,0.08,0
58.3857,0.698325,0.05,0.08,0
58.4335,0.694498,0.05,0.08,0
58.4814,0.69067,0.05,0.08,0
58.5292,0.686842,0.05,0.08,0
58.5771,0.683014,0.05,0.08,0
58.6249,0.679187,0.05,0.08,0
58.6728,0.675359,0.05,0.08,0
58.7206,0.671531,0.05,0.08,0
58.7685,0.667703,0.05,0.08,0
58.8163,0.663876,0.05,0.08,0
58.8642,0.660048,0.05,0.08,0
58.912,0.65622,0.05,0.08,0
58.9599,0.652392,0.05,0.08,0
59.0077,0.648565,0.05,0.08,0
59.0556,0.644737,0.05,0.08,0
59.1034,0.640909,0.05,0.08,0
59.1513,0.637081,0.05,0.08,0
59.1991,0.633254,0.05,0.08,0
59.2469,0.629426,0.05,0.08,0
59.2948,0.625598,0.05,0.08,0
59.3426,0.62177,0.05,0.08,0
59.3905,0.617943,0.05,0.08,0
59.4383,0.614115,0.05,0.08,0
59.4862,0.610287,0.05,0.08,0
59.534,0.606459,0.05,0.08,0
59.5819,0.602632,0.05,0.08,0
59.6297,0.598804,0.05,0.08,0
59.6776,0.594976,0.05,0.08,0
59.7254,0.591148,0.05,0.08,0
59.7733,0.587321,0.05,0.08,0
59.8211,0.583493,0.05,0.08,0
59.869,0.579665,0.05,0.08,0
59.9168,0.575837,0.05,0.08,0
59.9646,0.57201,0.05,0.08,0
60.0125,0.568182,0.05,0.08,0
60.0603,0.564354,0.05,0.08,0
60.1082,0.560526,0.05,0.08,0
60.1082,0.558393,0.05,0.08,-0
60.1486,0.55626,0.05,0.0799757,-0.00119988
60.189,0.55413,0.05,0.0799034,-0.00237527
60.2294,0.552002,0.05,0.0797841,-0.00352617
60.2698,0.549879,0.05,0.0796188,-0.00465259
60.3102,0.547761,0.05,0.0794084,-0.00575451
60.3506,0.54565,0.05,0.0791541,-0.00683196
60.391,0.543548,0.05,0.0788567,-0.00788491
60.4314,0.541454,0.05,0.0785172,-0.00891338
60.4718,0.53937,0.05,0.0781367,-0.00991736
60.5122,0.537298,0.05,0.0777162,-0.0108968
60.5526,0.535238,0.05,0.0772565,-0.0118519
60.593,0.533191,0.05,0.0767588,-0.0127824
60.6334,0.531158,0.05,0.0762239,-0.0136884
60.6738,0.529141,0.05,0.075653,-0.0145699
60.7142,0.527139,0.05,0.0750469,-0.015427
60.7547,0.525155,0.05,0.0744067,-0.0162596
60.7951,0.523189,0.05,0.0737333,-0.0170676
60.8355,0.521242,0.05,0.0730278,-0.0178512
60.8759,0.519314,0.05,0.0722911,-0.0186103
60.9163,0.517406,0.05,0.0715243,-0.019345
60.9567,0.51552,0.05,0.0707282,-0.0200551
60.9971,0.513656,0.05,0.069904,-0.0207407
61.0375,0.511815,0.05,0.0690525,-0.0214019
61.0779,0.509997,0.05,0.0681749,-0.0220386
61.1183,0.508203,0.05,0.067272,-0.0226507
61.1587,0.506434,0.05,0.0663448,-0.0232384
61.1991,0.50469,0.05,0.0653944,-0.0238017
61.2395,0.502972,0.05,0.0644218,-0.0243404
61.2799,0.501281,0.05,0.0634279,-0.0248546
61.3203,0.499616,0.05,0.0624137,-0.0253444
61.3607,0.497979,0.05,0.0613802,-0.0258096
61.4011,0.496371,0.05,0.0603284,-0.0262504
61.4415,0.49479,0.05,0.0592593,-0.0266667
61.4819,0.493239,0.05,0.0581738,-0.0270585
61.5223,0.491717,0.05,0.057073,-0.0274258
61.5627,0.490225,0.05,0.0559579,-0.0277686
61.6031,0.488763,0.05,0.0548294,-0.0280869
61.6435,0.487331,0.05,0.0536886,-0.0283808
61.6839,0.48593,0.05,0.0525364,-0.0286501
61.7244,0.48456,0.05,0.0513738,-0.028895
61.7648,0.483222,0.05,0.0502018,-0.0291154
61.8052,0.481914,0.05,0.0490213,-0.0293113
61.8456,0.480639,0.05,0.0478335,-0.0294827
61.886,0.479395,0.05,0.0466392,-0.0296296
61.9264,0.478183,0.05,0.0454395,-0.0297521
61.9668,0.477004,0.05,0.0442354,-0.02985
62.0072,0.475856,0.05,0.0430277,-0.0299235
62.0476,0.474741,0.05,0.0418176,-0.0299725
62.088,0.473658,0.05,0.040606,-0.0299969
62.1284,0.472608,0.05,0.039394,-0.0299969
62.1688,0.47159,0.05,0.0381824,-0.0299725
62.2092,0.470604,0.05,0.0369723,-0.0299235
62.2496,0.46965,0.05,0.0357646,-0.02985
62.29,0.468728,0.05,0.0345605,-0.0297521
62.3304,0.467839,0.05,0.0333608,-0.0296296
62.3708,0.466981,0.05,0.0321665,-0.0294827
62.4112,0.466155,0.05,0.0309787,-0.0293113
62.4516,0.46536,0.05,0.0297982,-0.0291154
62.492,0.464597,0.05,0.0286262,-0.028895
62.5324,0.463864,0.05,0.0274636,-0.0286501
62.5728,0.463163,0.05,0.0263114,-0.0283808
62.6132,0.462492,0.05,0.0251706,-0.0280869
62.6536,0.461851,0.05,0.0240421,-0.0277686
62.694,0.461239,0.05,0.022927,-0.0274258
62.7345,0.460657,0.05,0.0218262,-0.0270585
62.7749,0.460104,0.05,0.0207407,-0.0266667
62.8153,0.459579,0.05,0.0196716,-0.0262504
62.8557,0.459083,0.05,0.0186198,-0.0258096
62.8961,0.458614,0.05,0.0175863,-0.0253444
62.9365,0.458172,0.05,0.0165721,-0.0248546
62.9769,0.457757,0.05,0.0155782,-0.0243404
63.0173,0.457367,0.05,0.0146056,-0.0238017
63.0577,0.457003,0.05,0.0136552,-0.0232384
63.0981,0.456664,0.05,0.012728,-0.0226507
63.1385,0.456348,0.05,0.0118251,-0.0220386
63.1789,0.456056,0.05,0.0109475,-0.0214019
63.2193,0.455787,0.05,0.010096,-0.0207407
63.2597,0.45554,0.05,0.00927178,-0.0200551
63.3001,0.455314,0.05,0.00847574,-0.019345
63.3405,0.455108,0.05,0.00770888,-0.0186103
63.3809,0.454922,0.05,0.0069722,-0.0178512
63.4213,0.454755,0.05,0.00626669,-0.0170676
63.4617,0.454606,0.05,0.00559333,-0.0162596
63.5021,0.454474,0.05,0.00495311,-0.015427
63.5425,0.454358,0.05,0.00434703,-0.0145699
63.5829,0.454257,0.05,0.00377607,-0.0136884
63.6233,0.454171,0.05,0.00324123,-0.0127824
63.6637,0.454098,0.05,0.00274348,-0.0118519
63.7041,0.454037,0.05,0.00228383,-0.0108968
63.7446,0.453987,0.05,0.00186326,-0.00991736
63.785,0.453948,0.05,0.00148276,-0.00891338
63.8254,0.453917,0.05,0.00114332,-0.00788491
63.8658,0.453895,0.05,0.000845925,-0.00683196
63.9062,0.453879,0.05,0.00059157,-0.00575451
63.9466,0.453869,0.05,0.000381243,-0.00465259
63.987,0.453863,0.05,0.000215933,-0.00352617
64.0274,0.45386,0.05,9.663e-05,-0.00237527
64.0678,0.45386,0.05,2.43224e-05,-0.00119988
64.1082,0.45386,0.05,0,-0
