time [s],x [m],y [m],speed [m/s],acceleration [m/s^2]
0,0.510526,0.35,0,0
0.0150754,0.510526,0.35,3.77509e-06,0.000499987
0.0301508,0.510527,0.35,1.50496e-05,0.000994924
0.0452261,0.510527,0.35,3.37474e-05,0.00148481
0.0603015,0.510527,0.35,5.97924e-05,0.00196965
0.0753769,0.510528,0.35,9.31084e-05,0.00244943
0.0904523,0.51053,0.35,0.000133619,0.00292417
0.105528,0.510532,0.35,0.000181249,0.00339385
0.120603,0.510534,0.35,0.000235921,0.00385849
0.135678,0.510537,0.35,0.00029756,0.00431807
0.150754,0.510541,0.35,0.000366089,0.00477261
0.165829,0.510545,0.35,0.000441432,0.00522209
0.180905,0.51055,0.35,0.000523514,0.00566652
0.19598,0.510556,0.35,0.000612257,0.00610591
0.211055,0.510563,0.35,0.000707586,0.00654024
0.226131,0.510571,0.35,0.000809425,0.00696952
0.241206,0.510581,0.35,0.000917697,0.00739375
0.256281,0.510591,0.35,0.00103233,0.00781293
0.271357,0.510602,0.35,0.00115324,0.00822706
0.286432,0.510615,0.35,0.00128035,0.00863615
0.301508,0.510629,0.35,0.0014136,0.00904018
0.316583,0.510645,0.35,0.0015529,0.00943916
0.331658,0.510662,0.35,0.00169817,0.00983309
0.346734,0.51068,0.35,0.00184935,0.010222
0.361809,0.5107,0.35,0.00200634,0.0106058
0.376884,0.510722,0.35,0.00216909,0.0109846
0.39196,0.510746,0.35,0.00233751,0.0113583
0.407035,0.510771,0.35,0.00251153,0.011727
0.422111,0.510798,0.35,0.00269106,0.0120906
0.437186,0.510826,0.35,0.00287604,0.0124492
0.452261,0.510857,0.35,0.00306639,0.0128027
0.467337,0.51089,0.35,0.00326203,0.0131512
0.482412,0.510924,0.35,0.00346288,0.0134946
0.497487,0.510961,0.35,0.00366888,0.013833
0.512563,0.511,0.35,0.00387993,0.0141663
0.527638,0.511041,0.35,0.00409598,0.0144946
0.542714,0.511084,0.35,0.00431693,0.0148178
0.557789,0.511129,0.35,0.00454272,0.015136
0.572864,0.511177,0.35,0.00477327,0.0154491
0.58794,0.511227,0.35,0.0050085,0.0157572
0.603015,0.51128,0.35,0.00524833,0.0160602
0.61809,0.511335,0.35,0.0054927,0.0163582
0.633166,0.511392,0.35,0.00574152,0.0166511
0.648241,0.511452,0.35,0.00599472,0.016939
0.663317,0.511514,0.35,0.00625222,0.0172218
0.678392,0.51158,0.35,0.00651394,0.0174996
0.693467,0.511647,0.35,0.00677981,0.0177723
0.708543,0.511718,0.35,0.00704976,0.0180399
0.723618,0.511791,0.35,0.00732371,0.0183026
0.738693,0.511867,0.35,0.00760157,0.0185601
0.753769,0.511946,0.35,0.00788328,0.0188127
0.768844,0.512028,0.35,0.00816876,0.0190601
0.78392,0.512112,0.35,0.00845794,0.0193025
0.798995,0.5122,0.35,0.00875072,0.0195399
0.81407,0.51229,0.35,0.00904705,0.0197722
0.829146,0.512384,0.35,0.00934685,0.0199995
0.844221,0.51248,0.35,0.00965003,0.0202217
0.859296,0.51258,0.35,0.00995652,0.0204389
0.874372,0.512682,0.35,0.0102663,0.020651
0.889447,0.512788,0.35,0.0105791,0.0208581
0.904523,0.512897,0.35,0.0108951,0.0210601
0.919598,0.513009,0.35,0.0112141,0.021257
0.934673,0.513125,0.35,0.011536,0.021449
0.949749,0.513243,0.35,0.0118608,0.0216358
0.964824,0.513365,0.35,0.0121883,0.0218176
0.979899,0.51349,0.35,0.0125186,0.0219944
0.994975,0.513619,0.35,0.0128514,0.0221661
1.01005,0.513751,0.35,0.0131869,0.0223328
1.02513,0.513886,0.35,0.0135248,0.0224944
1.0402,0.514025,0.35,0.0138651,0.0226509
1.05528,0.514167,0.35,0.0142077,0.0228025
1.07035,0.514312,0.35,0.0145525,0.0229489
1.08543,0.514461,0.35,0.0148996,0.0230903
1.1005,0.514614,0.35,0.0152487,0.0232267
1.11558,0.51477,0.35,0.0155999,0.023358
1.13065,0.514929,0.35,0.0159529,0.0234843
1.14573,0.515092,0.35,0.0163079,0.0236055
1.1608,0.515259,0.35,0.0166646,0.0237216
1.17588,0.515429,0.35,0.0170231,0.0238327
1.19095,0.515603,0.35,0.0173832,0.0239388
1.20603,0.51578,0.35,0.0177448,0.0240398
1.22111,0.515962,0.35,0.018108,0.0241358
1.23618,0.516146,0.35,0.0184725,0.0242267
1.25126,0.516335,0.35,0.0188384,0.0243125
1.26633,0.516527,0.35,0.0192055,0.0243933
1.28141,0.516722,0.35,0.0195739,0.0244691
1.29648,0.516922,0.35,0.0199433,0.0245398
1.31156,0.517125,0.35,0.0203137,0.0246054
1.32663,0.517332,0.35,0.0206851,0.024666
1.34171,0.517542,0.35,0.0210574,0.0247216
1.35678,0.517757,0.35,0.0214305,0.0247721
1.37186,0.517975,0.35,0.0218043,0.0248176
1.38693,0.518197,0.35,0.0221787,0.024858
1.40201,0.518422,0.35,0.0225537,0.0248933
1.41709,0.518651,0.35,0.0229292,0.0249236
1.43216,0.518884,0.35,0.0233052,0.0249489
1.44724,0.519121,0.35,0.0236814,0.0249691
1.46231,0.519362,0.35,0.024058,0.0249842
1.47739,0.519606,0.35,0.0244347,0.0249943
1.49246,0.519854,0.35,0.0248116,0.0249994
1.50754,0.520106,0.35,0.0251884,0.0249994
1.52261,0.520362,0.35,0.0255653,0.0249943
1.53769,0.520621,0.35,0.025942,0.0249842
1.55276,0.520884,0.35,0.0263186,0.0249691
1.56784,0.521151,0.35,0.0266948,0.0249489
1.58291,0.521422,0.35,0.0270708,0.0249236
1.59799,0.521697,0.35,0.0274463,0.0248933
1.61307,0.521975,0.35,0.0278213,0.024858
1.62814,0.522257,0.35,0.0281957,0.0248176
1.64322,0.522542,0.35,0.0285695,0.0247721
1.65829,0.522832,0.35,0.0289426,0.0247216
1.67337,0.523125,0.35,0.0293149,0.024666
1.68844,0.523422,0.35,0.0296863,0.0246054
1.70352,0.523722,0.35,0.0300567,0.0245398
1.71859,0.524027,0.35,0.0304261,0.0244691
1.73367,0.524335,0.35,0.0307945,0.0243933
1.74874,0.524646,0.35,0.0311616,0.0243125
1.76382,0.524962,0.35,0.0315275,0.0242267
1.77889,0.52528,0.35,0.031892,0.0241358
1.79397,0.525603,0.35,0.0322552,0.0240398
1.80905,0.525929,0.35,0.0326168,0.0239388
1.82412,0.526259,0.35,0.0329769,0.0238327
1.8392,0.526592,0.35,0.0333354,0.0237216
1.85427,0.526929,0.35,0.0336921,0.0236055
1.86935,0.52727,0.35,0.0340471,0.0234843
1.88442,0.527614,0.35,0.0344001,0.023358
1.8995,0.527961,0.35,0.0347513,0.0232267
1.91457,0.528312,0.35,0.0351004,0.0230903
1.92965,0.528667,0.35,0.0354475,0.0229489
1.94472,0.529025,0.35,0.0357923,0.0228025
1.9598,0.529386,0.35,0.0361349,0.0226509
1.97487,0.529751,0.35,0.0364752,0.0224944
1.98995,0.530119,0.35,0.0368131,0.0223328
2.00503,0.53049,0.35,0.0371486,0.0221661
2.0201,0.530865,0.35,0.0374814,0.0219944
2.03518,0.531243,0.35,0.0378117,0.0218176
2.05025,0.531625,0.35,0.0381392,0.0216358
2.06533,0.532009,0.35,0.038464,0.021449
2.0804,0.532397,0.35,0.0387859,0.021257
2.09548,0.532788,0.35,0.0391049,0.0210601
2.11055,0.533182,0.35,0.0394209,0.0208581
2.12563,0.53358,0.35,0.0397337,0.020651
2.1407,0.53398,0.35,0.0400435,0.0204389
2.15578,0.534384,0.35,0.04035,0.0202217
2.17085,0.53479,0.35,0.0406532,0.0199995
2.18593,0.5352,0.35,0.0409529,0.0197722
2.20101,0.535612,0.35,0.0412493,0.0195399
2.21608,0.536028,0.35,0.0415421,0.0193025
2.23116,0.536446,0.35,0.0418312,0.0190601
2.24623,0.536867,0.35,0.0421167,0.0188127
2.26131,0.537291,0.35,0.0423984,0.0185601
2.27638,0.537718,0.35,0.0426763,0.0183026
2.29146,0.538147,0.35,0.0429502,0.0180399
2.30653,0.53858,0.35,0.0432202,0.0177723
2.32161,0.539014,0.35,0.0434861,0.0174996
2.33668,0.539452,0.35,0.0437478,0.0172218
2.35176,0.539892,0.35,0.0440053,0.016939
2.36683,0.540335,0.35,0.0442585,0.0166511
2.38191,0.54078,0.35,0.0445073,0.0163582
2.39698,0.541227,0.35,0.0447517,0.0160602
2.41206,0.541677,0.35,0.0449915,0.0157572
2.42714,0.542129,0.35,0.0452267,0.0154491
2.44221,0.542584,0.35,0.0454573,0.015136
2.45729,0.543041,0.35,0.0456831,0.0148178
2.47236,0.5435,0.35,0.045904,0.0144946
2.48744,0.543961,0.35,0.0461201,0.0141663
2.50251,0.544424,0.35,0.0463311,0.013833
2.51759,0.54489,0.35,0.0465371,0.0134946
2.53266,0.545357,0.35,0.046738,0.0131512
2.54774,0.545826,0.35,0.0469336,0.0128027
2.56281,0.546298,0.35,0.047124,0.0124492
2.57789,0.546771,0.35,0.0473089,0.0120906
2.59296,0.547246,0.35,0.0474885,0.011727
2.60804,0.547722,0.35,0.0476625,0.0113583
2.62312,0.5482,0.35,0.0478309,0.0109846
2.63819,0.54868,0.35,0.0479937,0.0106058
2.65327,0.549162,0.35,0.0481507,0.010222
2.66834,0.549645,0.35,0.0483018,0.00983309
2.68342,0.550129,0.35,0.0484471,0.00943916
2.69849,0.550615,0.35,0.0485864,0.00904018
2.71357,0.551102,0.35,0.0487196,0.00863615
2.72864,0.551591,0.35,0.0488468,0.00822706
2.74372,0.552081,0.35,0.0489677,0.00781293
2.75879,0.552571,0.35,0.0490823,0.00739375
2.77387,0.553063,0.35,0.0491906,0.00696952
2.78894,0.553556,0.35,0.0492924,0.00654024
2.80402,0.55405,0.35,0.0493877,0.00610591
2.8191,0.554545,0.35,0.0494765,0.00566652
2.83417,0.555041,0.35,0.0495586,0.00522209
2.84925,0.555537,0.35,0.0496339,0.00477261
2.86432,0.556034,0.35,0.0497024,0.00431807
2.8794,0.556532,0.35,0.0497641,0.00385849
2.89447,0.55703,0.35,0.0498188,0.00339385
2.90955,0.557528,0.35,0.0498664,0.00292417
2.92462,0.558027,0.35,0.0499069,0.00244943
2.9397,0.558527,0.35,0.0499402,0.00196965
2.95477,0.559027,0.35,0.0499663,0.00148481
2.96985,0.559526,0.35,0.049985,0.000994924
2.98492,0.560026,0.35,0.0499962,0.000499987
3,0.560526,0.35,0.05,0
3,0.560526,0.35,0.05,0
3.03809,0.562431,0.35,0.05,0
3.07617,0.564335,0.35,0.05,0
3.11426,0.566239,0.35,0.05,0
3.15234,0.568143,0.35,0.05,0
3.19043,0.570048,0.35,0.05,0
3.22851,0.571952,0.35,0.05,0
3.2666,0.573856,0.35,0.05,0
3.30468,0.57576,0.35,0.05,0
3.34277,0.577665,0.35,0.05,0
3.38085,0.579569,0.35,0.05,0
3.41894,0.581473,0.35,0.05,0
3.45702,0.583377,0.35,0.05,0
3.49511,0.585282,0.35,0.05,0
3.53319,0.587186,0.35,0.05,0
3.57128,0.58909,0.35,0.05,0
3.60936,0.590994,0.35,0.05,0
3.64745,0.592899,0.35,0.05,0
3.68553,0.594803,0.35,0.05,0
3.72362,0.596707,0.35,0.05,0
3.7617,0.598611,0.35,0.05,0
3.79979,0.600516,0.35,0.05,0
3.83787,0.60242,0.35,0.05,0
3.87596,0.604324,0.35,0.05,0
3.91404,0.606229,0.35,0.05,0
3.95213,0.608133,0.35,0.05,0
3.99021,0.610037,0.35,0.05,0
4.0283,0.611941,0.35,0.05,0
4.06638,0.613846,0.35,0.05,0
4.10447,0.61575,0.35,0.05,0
4.14255,0.617654,0.35,0.05,0
4.18064,0.619558,0.35,0.05,0
4.21873,0.621463,0.35,0.05,0
4.25681,0.623367,0.35,0.05,0
4.2949,0.625271,0.35,0.05,0
4.33298,0.627175,0.35,0.05,0
4.37107,0.62908,0.35,0.05,0
4.40915,0.630984,0.35,0.05,0
4.44724,0.632888,0.35,0.05,0
4.48532,0.634792,0.35,0.05,0
4.52341,0.636697,0.35,0.05,0
4.56149,0.638601,0.35,0.05,0
4.59958,0.640505,0.35,0.05,0
4.63766,0.642409,0.35,0.05,0
4.67575,0.644314,0.35,0.05,0
4.71383,0.646218,0.35,0.05,0
4.75192,0.648122,0.35,0.05,0
4.79,0.650026,0.35,0.05,0
4.82809,0.651931,0.35,0.05,0
4.86617,0.653835,0.35,0.05,0
4.90426,0.655739,0.35,0.05,0
4.94234,0.657643,0.35,0.05,0
4.98043,0.659548,0.35,0.05,0
5.01851,0.661452,0.35,0.05,0
5.0566,0.663356,0.35,0.05,0
5.09468,0.665261,0.35,0.05,0
5.13277,0.667165,0.35,0.05,0
5.17085,0.669069,0.35,0.05,0
5.20894,0.670973,0.35,0.05,0
5.24702,0.672878,0.35,0.05,0
5.28511,0.674782,0.35,0.05,0
5.32319,0.676686,0.35,0.05,0
5.36128,0.67859,0.35,0.05,0
5.39937,0.680495,0.35,0.05,0
5.43745,0.682399,0.35,0.05,0
5.47554,0.684303,0.35,0.05,0
5.51362,0.686207,0.35,0.05,0
5.55171,0.688112,0.35,0.05,0
5.58979,0.690016,0.35,0.05,0
5.62788,0.69192,0.35,0.05,0
5.66596,0.693824,0.35,0.05,0
5.70405,0.695729,0.35,0.05,0
5.74213,0.697633,0.35,0.05,0
5.78022,0.699537,0.35,0.05,0
5.8183,0.701441,0.35,0.05,0
5.85639,0.703346,0.35,0.05,0
5.89447,0.70525,0.35,0.05,0
5.93256,0.707154,0.35,0.05,0
5.97064,0.709058,0.35,0.05,0
6.00873,0.710963,0.35,0.05,0
6.04681,0.712867,0.35,0.05,0
6.0849,0.714771,0.35,0.05,0
6.12298,0.716675,0.35,0.05,0
6.16107,0.71858,0.35,0.05,0
6.19915,0.720484,0.35,0.05,0
6.23724,0.722388,0.35,0.05,0
6.27532,0.724293,0.35,0.05,0
6.31341,0.726197,0.35,0.05,0
6.35149,0.728101,0.35,0.05,0
6.38958,0.730005,0.35,0.05,0
6.42766,0.73191,0.35,0.05,0
6.46575,0.733814,0.35,0.05,0
6.50383,0.735718,0.35,0.05,0
6.54192,0.737622,0.35,0.05,0
6.58001,0.739527,0.35,0.05,0
6.61809,0.741431,0.35,0.05,0
6.65618,0.743335,0.35,0.05,0
6.69426,0.745239,0.35,0.05,0
6.73235,0.747144,0.35,0.05,0
6.77043,0.749048,0.35,0.05,0
6.80852,0.750952,0.35,0.05,0
6.8466,0.752856,0.35,0.05,0
6.88469,0.754761,0.35,0.05,0
6.92277,0.756665,0.35,0.05,0
6.96086,0.758569,0.35,0.05,0
6.99894,0.760473,0.35,0.05,0
7.03703,0.762378,0.35,0.05,0
7.07511,0.764282,0.35,0.05,0
7.1132,0.766186,0.35,0.05,0
7.15128,0.76809,0.35,0.05,0
7.18937,0.769995,0.35,0.05,0
7.22745,0.771899,0.35,0.05,0
7.26554,0.773803,0.35,0.05,0
7.30362,0.775707,0.35,0.05,0
7.34171,0.777612,0.35,0.05,0
7.37979,0.779516,0.35,0.05,0
7.41788,0.78142,0.35,0.05,0
7.45596,0.783325,0.35,0.05,0
7.49405,0.785229,0.35,0.05,0
7.53213,0.787133,0.35,0.05,0
7.57022,0.789037,0.35,0.05,0
7.6083,0.790942,0.35,0.05,0
7.64639,0.792846,0.35,0.05,0
7.68448,0.79475,0.35,0.05,0
7.72256,0.796654,0.35,0.05,0
7.76065,0.798559,0.35,0.05,0
7.79873,0.800463,0.35,0.05,0
7.83682,0.802367,0.35,0.05,0
7.8749,0.804271,0.35,0.05,0
7.91299,0.806176,0.35,0.05,0
7.95107,0.80808,0.35,0.05,0
7.98916,0.809984,0.35,0.05,0
8.02724,0.811888,0.35,0.05,0
8.06533,0.813793,0.35,0.05,0
8.10341,0.815697,0.35,0.05,0
8.1415,0.817601,0.35,0.05,0
8.17958,0.819505,0.35,0.05,0
8.21767,0.82141,0.35,0.05,0
8.25575,0.823314,0.35,0.05,0
8.29384,0.825218,0.35,0.05,0
8.33192,0.827122,0.35,0.05,0
8.37001,0.829027,0.35,0.05,0
8.40809,0.830931,0.35,0.05,0
8.44618,0.832835,0.35,0.05,0
8.48426,0.834739,0.35,0.05,0
8.52235,0.836644,0.35,0.05,0
8.56043,0.838548,0.35,0.05,0
8.59852,0.840452,0.35,0.05,0
8.6366,0.842357,0.35,0.05,0
8.67469,0.844261,0.35,0.05,0
8.71277,0.846165,0.35,0.05,0
8.75086,0.848069,0.35,0.05,0
8.78894,0.849974,0.35,0.05,0
8.82703,0.851878,0.35,0.05,0
8.86512,0.853782,0.35,0.05,0
8.9032,0.855686,0.35,0.05,0
8.94129,0.857591,0.35,0.05,0
8.97937,0.859495,0.35,0.05,0
9.01746,0.861399,0.35,0.05,0
9.05554,0.863303,0.35,0.05,0
9.09363,0.865208,0.35,0.05,0
9.13171,0.867112,0.35,0.05,0
9.1698,0.869016,0.35,0.05,0
9.20788,0.87092,0.35,0.05,0
9.24597,0.872825,0.35,0.05,0
9.28405,0.874729,0.35,0.05,0
9.32214,0.876633,0.35,0.05,0
9.36022,0.878537,0.35,0.05,0
9.39831,0.880442,0.35,0.05,0
9.43639,0.882346,0.35,0.05,0
9.47448,0.88425,0.35,0.05,0
9.51256,0.886154,0.35,0.05,0
9.55065,0.888059,0.35,0.05,0
9.58873,0.889963,0.35,0.05,0
9.62682,0.891867,0.35,0.05,0
9.6649,0.893771,0.35,0.05,0
9.70299,0.895676,0.35,0.05,0
9.74107,0.89758,0.35,0.05,0
9.77916,0.899484,0.35,0.05,0
9.81724,0.901389,0.35,0.05,0
9.85533,0.903293,0.35,0.05,0
9.89341,0.905197,0.35,0.05,0
9.9315,0.907101,0.35,0.05,0
9.96958,0.909006,0.35,0.05,0
10.0077,0.91091,0.35,0.05,0
10.0458,0.912814,0.35,0.05,0
10.0838,0.914718,0.35,0.05,0
10.1219,0.916623,0.35,0.05,0
10.16,0.918527,0.35,0.05,0
10.1981,0.920431,0.35,0.05,0
10.2362,0.922335,0.35,0.05,0
10.2743,0.92424,0.35,0.05,0
10.3124,0.926144,0.35,0.05,0
10.3504,0.928048,0.35,0.05,0
10.3885,0.929952,0.35,0.05,0
10.4266,0.931857,0.35,0.05,0
10.4647,0.933761,0.35,0.05,0
10.5028,0.935665,0.35,0.05,0
10.5409,0.937569,0.35,0.05,0
10.5789,0.939474,0.35,0.05,0
10.5789,0.939474,0.35,0.05,-0
10.6127,0.942841,0.34999,0.049985,-0.000887011
10.6464,0.946207,0.349962,0.0499404,-0.00175601
10.6802,0.949568,0.349913,0.0498668,-0.002607
10.714,0.952923,0.349845,0.0497648,-0.00343998
10.7477,0.956269,0.349756,0.0496349,-0.00425495
10.7815,0.959606,0.349646,0.0494778,-0.00505191
10.8152,0.96293,0.349515,0.0492942,-0.00583086
10.849,0.96624,0.349363,0.0490845,-0.0065918
10.8827,0.969534,0.34919,0.0488495,-0.00733473
10.9165,0.97281,0.348995,0.0485897,-0.00805964
10.9502,0.976066,0.348779,0.0483058,-0.00876655
10.984,0.979301,0.34854,0.0479983,-0.00945545
11.0177,0.982512,0.348279,0.0476678,-0.0101263
11.0515,0.985699,0.347996,0.047315,-0.0107792
11.0852,0.988859,0.347691,0.0469405,-0.0114141
11.119,0.99199,0.347364,0.0465449,-0.0120309
11.1527,0.995092,0.347014,0.0461287,-0.0126298
11.1865,0.998162,0.346643,0.0456926,-0.0132106
11.2202,1.0012,0.346249,0.0452372,-0.0137734
11.254,1.0042,0.345833,0.0447632,-0.0143182
11.2877,1.00717,0.345395,0.044271,-0.0148451
11.3215,1.0101,0.344935,0.0437614,-0.0153538
11.3552,1.01299,0.344453,0.0432349,-0.0158446
11.389,1.01584,0.34395,0.0426922,-0.0163174
11.4227,1.01865,0.343425,0.0421337,-0.0167722
11.4565,1.02141,0.342879,0.0415603,-0.0172089
11.4902,1.02413,0.342313,0.0409724,-0.0176277
11.524,1.02681,0.341726,0.0403707,-0.0180284
11.5577,1.02944,0.341118,0.0397558,-0.0184111
11.5915,1.03202,0.34049,0.0391282,-0.0187758
11.6252,1.03455,0.339843,0.0384886,-0.0191225
11.659,1.03704,0.339177,0.0378377,-0.0194512
11.6927,1.03947,0.338492,0.0371759,-0.0197619
11.7265,1.04185,0.337788,0.036504,-0.0200546
11.7602,1.04417,0.337067,0.0358225,-0.0203292
11.794,1.04645,0.336328,0.035132,-0.0205859
11.8277,1.04866,0.335572,0.0344332,-0.0208245
11.8615,1.05083,0.3348,0.0337266,-0.0210451
11.8952,1.05293,0.334012,0.0330129,-0.0212477
11.929,1.05498,0.333209,0.0322927,-0.0214323
11.9627,1.05697,0.332392,0.0315665,-0.0215989
11.9965,1.0589,0.33156,0.030835,-0.0217475
12.0303,1.06077,0.330716,0.0300988,-0.0218781
12.064,1.06258,0.32986,0.0293585,-0.0219907
12.0978,1.06433,0.328992,0.0286147,-0.0220852
12.1315,1.06602,0.328113,0.027868,-0.0221618
12.1653,1.06764,0.327225,0.027119,-0.0222203
12.199,1.0692,0.326329,0.0263683,-0.0222608
12.2328,1.0707,0.325425,0.0256166,-0.0222833
12.2665,1.07214,0.324514,0.0248645,-0.0222878
12.3003,1.07351,0.323599,0.0241125,-0.0222743
12.334,1.07482,0.322679,0.0233612,-0.0222428
12.3678,1.07606,0.321757,0.0226113,-0.0221933
12.4015,1.07724,0.320834,0.0218634,-0.0221257
12.4353,1.07836,0.319912,0.0211181,-0.0220402
12.469,1.07941,0.318992,0.0203759,-0.0219366
12.5028,1.0804,0.318076,0.0196376,-0.0218151
12.5365,1.08132,0.317166,0.0189037,-0.0216755
12.5703,1.08219,0.316263,0.0181748,-0.0215179
12.604,1.08299,0.31537,0.0174515,-0.0213423
12.6378,1.08373,0.314489,0.0167344,-0.0211487
12.6715,1.08441,0.313622,0.0160242,-0.0209371
12.7053,1.08504,0.312771,0.0153214,-0.0207074
12.739,1.08561,0.311939,0.0146267,-0.0204598
12.7728,1.08612,0.311127,0.0139406,-0.0201941
12.8065,1.08659,0.310337,0.0132638,-0.0199105
12.8403,1.087,0.309572,0.0125969,-0.0196088
12.874,1.08737,0.308833,0.0119405,-0.0192891
12.9078,1.0877,0.308122,0.0112952,-0.0189514
12.9415,1.08799,0.307441,0.0106615,-0.0185957
12.9753,1.08824,0.30679,0.0100402,-0.018222
13.009,1.08845,0.306171,0.0094318,-0.0178303
13.0428,1.08864,0.305584,0.00883692,-0.0174205
13.0765,1.0888,0.305031,0.00825617,-0.0169928
13.1103,1.08893,0.30451,0.00769017,-0.016547
13.144,1.08904,0.304023,0.00713951,-0.0160833
13.1778,1.08913,0.30357,0.00660481,-0.0156015
13.2115,1.08921,0.303149,0.00608668,-0.0151017
13.2453,1.08927,0.302761,0.00558571,-0.0145839
13.279,1.08932,0.302404,0.00510253,-0.0140481
13.3128,1.08936,0.302078,0.00463774,-0.0134943
13.3465,1.08939,0.301783,0.00419194,-0.0129224
13.3803,1.08941,0.301516,0.00376574,-0.0123326
13.4141,1.08943,0.301276,0.00335976,-0.0117248
13.4478,1.08944,0.301063,0.0029746,-0.0110989
13.4816,1.08945,0.300876,0.00261086,-0.010455
13.5153,1.08946,0.300711,0.00226916,-0.00979314
13.5491,1.08947,0.300569,0.0019501,-0.00911325
13.5828,1.08947,0.300448,0.0016543,-0.00841535
13.6166,1.08947,0.300346,0.00138235,-0.00769944
13.6503,1.08947,0.300261,0.00113487,-0.00696551
13.6841,1.08947,0.300192,0.000912466,-0.00621358
13.7178,1.08947,0.300137,0.000715743,-0.00544364
13.7516,1.08947,0.300095,0.000545311,-0.00465568
13.7853,1.08947,0.300063,0.000401777,-0.00384972
13.8191,1.08947,0.30004,0.000285749,-0.00302574
13.8528,1.08947,0.300023,0.000197836,-0.00218376
13.8866,1.08947,0.300012,0.000138644,-0.00132376
13.9203,1.08947,0.300004,0.000108782,-0.000445757
13.9541,1.08947,0.299996,0.000108782,0.000445757
13.9878,1.08947,0.299988,0.000138644,0.00132376
14.0216,1.08947,0.299977,0.000197836,0.00218376
14.0553,1.08947,0.29996,0.000285749,0.00302574
14.0891,1.08947,0.299937,0.000401777,0.00384972
14.1228,1.08947,0.299905,0.000545311,0.00465568
14.1566,1.08947,0.299863,0.000715743,0.00544364
14.1903,1.08947,0.299808,0.000912466,0.00621358
14.2241,1.08947,0.299739,0.00113487,0.00696551
14.2578,1.08947,0.299654,0.00138235,0.00769944
14.2916,1.08947,0.299552,0.0016543,0.00841535
14.3253,1.08947,0.299431,0.0019501,0.00911325
14.3591,1.08946,0.299289,0.00226916,0.00979314
14.3928,1.08945,0.299124,0.00261086,0.010455
14.4266,1.08944,0.298937,0.0029746,0.0110989
14.4603,1.08943,0.298724,0.00335976,0.0117248
14.4941,1.08941,0.298484,0.00376574,0.0123326
14.5278,1.08939,0.298217,0.00419194,0.0129224
14.5616,1.08936,0.297922,0.00463774,0.0134943
14.5953,1.08932,0.297596,0.00510253,0.0140481
14.6291,1.08927,0.297239,0.00558571,0.0145839
14.6628,1.08921,0.296851,0.00608668,0.0151017
14.6966,1.08913,0.29643,0.00660481,0.0156015
14.7304,1.08904,0.295977,0.00713951,0.0160833
14.7641,1.08893,0.29549,0.00769017,0.016547
14.7979,1.0888,0.294969,0.00825617,0.0169928
14.8316,1.08864,0.294416,0.00883692,0.0174205
14.8654,1.08845,0.293829,0.0094318,0.0178303
14.8991,1.08824,0.29321,0.0100402,0.018222
14.9329,1.08799,0.292559,0.0106615,0.0185957
14.9666,1.0877,0.291878,0.0112952,0.0189514
15.0004,1.08737,0.291167,0.0119405,0.0192891
15.0341,1.087,0.290428,0.0125969,0.0196088
15.0679,1.08659,0.289663,0.0132638,0.0199105
15.1016,1.08612,0.288873,0.0139406,0.0201941
15.1354,1.08561,0.288061,0.0146267,0.0204598
15.1691,1.08504,0.287229,0.0153214,0.0207074
15.2029,1.08441,0.286378,0.0160242,0.0209371
15.2366,1.08373,0.285511,0.0167344,0.0211487
15.2704,1.08299,0.28463,0.0174515,0.0213423
15.3041,1.08219,0.283737,0.0181748,0.0215179
15.3379,1.08132,0.282834,0.0189037,0.0216755
15.3716,1.0804,0.281924,0.0196376,0.0218151
15.4054,1.07941,0.281008,0.0203759,0.0219366
15.4391,1.07836,0.280088,0.0211181,0.0220402
15.4729,1.07724,0.279166,0.0218634,0.0221257
15.5066,1.07606,0.278243,0.0226113,0.0221933
15.5404,1.07482,0.277321,0.0233612,0.0222428
15.5741,1.07351,0.276401,0.0241125,0.0222743
15.6079,1.07214,0.275486,0.0248645,0.0222878
15.6416,1.0707,0.274575,0.0256166,0.0222833
15.6754,1.0692,0.273671,0.0263683,0.0222608
15.7091,1.06764,0.272775,0.027119,0.0222203
15.7429,1.06602,0.271887,0.027868,0.0221618
15.7766,1.06433,0.271008,0.0286147,0.0220852
15.8104,1.06258,0.27014,0.0293585,0.0219907
15.8441,1.06077,0.269284,0.0300988,0.0218781
15.8779,1.0589,0.26844,0.030835,0.0217475
15.9116,1.05697,0.267608,0.0315665,0.0215989
15.9454,1.05498,0.266791,0.0322927,0.0214323
15.9791,1.05293,0.265988,0.0330129,0.0212477
16.0129,1.05083,0.2652,0.0337266,0.0210451
16.0466,1.04866,0.264428,0.0344332,0.0208245
16.0804,1.04645,0.263672,0.035132,0.0205859
16.1142,1.04417,0.262933,0.0358225,0.0203292
16.1479,1.04185,0.262212,0.036504,0.0200546
16.1817,1.03947,0.261508,0.0371759,0.0197619
16.2154,1.03704,0.260823,0.0378377,0.0194512
16.2492,1.03455,0.260157,0.0384886,0.0191225
16.2829,1.03202,0.25951,0.0391282,0.0187758
16.3167,1.02944,0.258882,0.0397558,0.0184111
16.3504,1.02681,0.258274,0.0403707,0.0180284
16.3842,1.02413,0.257687,0.0409724,0.0176277
16.4179,1.02141,0.257121,0.0415603,0.0172089
16.4517,1.01865,0.256575,0.0421337,0.0167722
16.4854,1.01584,0.25605,0.0426922,0.0163174
16.5192,1.01299,0.255547,0.0432349,0.0158446
16.5529,1.0101,0.255065,0.0437614,0.0153538
16.5867,1.00717,0.254605,0.044271,0.0148451
16.6204,1.0042,0.254167,0.0447632,0.0143182
16.6542,1.0012,0.253751,0.0452372,0.0137734
16.6879,0.998162,0.253357,0.0456926,0.0132106
16.7217,0.995092,0.252986,0.0461287,0.0126298
16.7554,0.99199,0.252636,0.0465449,0.0120309
16.7892,0.988859,0.252309,0.0469405,0.0114141
16.8229,0.985699,0.252004,0.047315,0.0107792
16.8567,0.982512,0.251721,0.0476678,0.0101263
16.8904,0.979301,0.25146,0.0479983,0.00945545
16.9242,0.976066,0.251221,0.0483058,0.00876655
16.9579,0.97281,0.251005,0.0485897,0.00805964
16.9917,0.969534,0.25081,0.0488495,0.00733473
17.0254,0.96624,0.250637,0.0490845,0.0065918
17.0592,0.96293,0.250485,0.0492942,0.00583086
17.0929,0.959606,0.250354,0.0494778,0.00505191
17.1267,0.956269,0.250244,0.0496349,0.00425495
17.1604,0.952923,0.250155,0.0497648,0.00343998
17.1942,0.949568,0.250087,0.0498668,0.002607
17.2279,0.946207,0.250038,0.0499404,0.00175601
17.2617,0.942841,0.25001,0.049985,0.000887011
17.2954,0.939474,0.25,0.05,0
17.2954,0.939474,0.25,0.05,0
17.3335,0.937569,0.25,0.05,0
17.3716,0.935665,0.25,0.05,0
17.4097,0.933761,0.25,0.05,0
17.4478,0.931857,0.25,0.05,0
17.4859,0.929952,0.25,0.05,0
17.524,0.928048,0.25,0.05,0
17.562,0.926144,0.25,0.05,0
17.6001,0.92424,0.25,0.05,0
17.6382,0.922335,0.25,0.05,0
17.6763,0.920431,0.25,0.05,0
17.7144,0.918527,0.25,0.05,0
17.7525,0.916623,0.25,0.05,0
17.7906,0.914718,0.25,0.05,0
17.8286,0.912814,0.25,0.05,0
17.8667,0.91091,0.25,0.05,0
17.9048,0.909006,0.25,0.05,0
17.9429,0.907101,0.25,0.05,0
17.981,0.905197,0.25,0.05,0
18.0191,0.903293,0.25,0.05,0
18.0571,0.901389,0.25,0.05,0
18.0952,0.899484,0.25,0.05,0
18.1333,0.89758,0.25,0.05,0
18.1714,0.895676,0.25,0.05,0
18.2095,0.893771,0.25,0.05,0
18.2476,0.891867,0.25,0.05,0
18.2857,0.889963,0.25,0.05,0
18.3237,0.888059,0.25,0.05,0
18.3618,0.886154,0.25,0.05,0
18.3999,0.88425,0.25,0.05,0
18.438,0.882346,0.25,0.05,0
18.4761,0.880442,0.25,0.05,0
18.5142,0.878537,0.25,0.05,0
18.5523,0.876633,0.25,0.05,0
18.5903,0.874729,0.25,0.05,0
18.6284,0.872825,0.25,0.05,0
18.6665,0.87092,0.25,0.05,0
18.7046,0.869016,0.25,0.05,0
18.7427,0.867112,0.25,0.05,0
18.7808,0.865208,0.25,0.05,0
18.8189,0.863303,0.25,0.05,0
18.8569,0.861399,0.25,0.05,0
18.895,0.859495,0.25,0.05,0
18.9331,0.857591,0.25,0.05,0
18.9712,0.855686,0.25,0.05,0
19.0093,0.853782,0.25,0.05,0
19.0474,0.851878,0.25,0.05,0
19.0854,0.849974,0.25,0.05,0
19.1235,0.848069,0.25,0.05,0
19.1616,0.846165,0.25,0.05,0
19.1997,0.844261,0.25,0.05,0
19.2378,0.842357,0.25,0.05,0
19.2759,0.840452,0.25,0.05,0
19.314,0.838548,0.25,0.05,0
19.352,0.836644,0.25,0.05,0
19.3901,0.834739,0.25,0.05,0
19.4282,0.832835,0.25,0.05,0
19.4663,0.830931,0.25,0.05,0
19.5044,0.829027,0.25,0.05,0
19.5425,0.827122,0.25,0.05,0
19.5806,0.825218,0.25,0.05,0
19.6186,0.823314,0.25,0.05,0
19.6567,0.82141,0.25,0.05,0
19.6948,0.819505,0.25,0.05,0
19.7329,0.817601,0.25,0.05,0
19.771,0.815697,0.25,0.05,0
19.8091,0.813793,0.25,0.05,0
19.8472,0.811888,0.25,0.05,0
19.8852,0.809984,0.25,0.05,0
19.9233,0.80808,0.25,0.05,0
19.9614,0.806176,0.25,0.05,0
19.9995,0.804271,0.25,0.05,0
20.0376,0.802367,0.25,0.05,0
20.0757,0.800463,0.25,0.05,0
20.1137,0.798559,0.25,0.05,0
20.1518,0.796654,0.25,0.05,0
20.1899,0.79475,0.25,0.05,0
20.228,0.792846,0.25,0.05,0
20.2661,0.790942,0.25,0.05,0
20.3042,0.789037,0.25,0.05,0
20.3423,0.787133,0.25,0.05,0
20.3803,0.785229,0.25,0.05,0
20.4184,0.783325,0.25,0.05,0
20.4565,0.78142,0.25,0.05,0
20.4946,0.779516,0.25,0.05,0
20.5327,0.777612,0.25,0.05,0
20.5708,0.775707,0.25,0.05,0
20.6089,0.773803,0.25,0.05,0
20.6469,0.771899,0.25,0.05,0
20.685,0.769995,0.25,0.05,0
20.7231,0.76809,0.25,0.05,0
20.7612,0.766186,0.25,0.05,0
20.7993,0.764282,0.25,0.05,0
20.8374,0.762378,0.25,0.05,0
20.8755,0.760473,0.25,0.05,0
20.9135,0.758569,0.25,0.05,0
20.9516,0.756665,0.25,0.05,0
20.9897,0.754761,0.25,0.05,0
21.0278,0.752856,0.25,0.05,0
21.0659,0.750952,0.25,0.05,0
21.104,0.749048,0.25,0.05,0
21.142,0.747144,0.25,0.05,0
21.1801,0.745239,0.25,0.05,0
21.2182,0.743335,0.25,0.05,0
21.2563,0.741431,0.25,0.05,0
21.2944,0.739527,0.25,0.05,0
21.3325,0.737622,0.25,0.05,0
21.3706,0.735718,0.25,0.05,0
21.4086,0.733814,0.25,0.05,0
21.4467,0.73191,0.25,0.05,0
21.4848,0.730005,0.25,0.05,0
21.5229,0.728101,0.25,0.05,0
21.561,0.726197,0.25,0.05,0
21.5991,0.724293,0.25,0.05,0
21.6372,0.722388,0.25,0.05,0
21.6752,0.720484,0.25,0.05,0
21.7133,0.71858,0.25,0.05,0
21.7514,0.716675,0.25,0.05,0
21.7895,0.714771,0.25,0.05,0
21.8276,0.712867,0.25,0.05,0
21.8657,0.710963,0.25,0.05,0
21.9037,0.709058,0.25,0.05,0
21.9418,0.707154,0.25,0.05,0
21.9799,0.70525,0.25,0.05,0
22.018,0.703346,0.25,0.05,0
22.0561,0.701441,0.25,0.05,0
22.0942,0.699537,0.25,0.05,0
22.1323,0.697633,0.25,0.05,0
22.1703,0.695729,0.25,0.05,0
22.2084,0.693824,0.25,0.05,0
22.2465,0.69192,0.25,0.05,0
22.2846,0.690016,0.25,0.05,0
22.3227,0.688112,0.25,0.05,0
22.3608,0.686207,0.25,0.05,0
22.3989,0.684303,0.25,0.05,0
22.4369,0.682399,0.25,0.05,0
22.475,0.680495,0.25,0.05,0
22.5131,0.67859,0.25,0.05,0
22.5512,0.676686,0.25,0.05,0
22.5893,0.674782,0.25,0.05,0
22.6274,0.672878,0.25,0.05,0
22.6655,0.670973,0.25,0.05,0
22.7035,0.669069,0.25,0.05,0
22.7416,0.667165,0.25,0.05,0
22.7797,0.665261,0.25,0.05,0
22.8178,0.663356,0.25,0.05,0
22.8559,0.661452,0.25,0.05,0
22.894,0.659548,0.25,0.05,0
22.932,0.657643,0.25,0.05,0
22.9701,0.655739,0.25,0.05,0
23.0082,0.653835,0.25,0.05,0
23.0463,0.651931,0.25,0.05,0
23.0844,0.650026,0.25,0.05,0
23.1225,0.648122,0.25,0.05,0
23.1606,0.646218,0.25,0.05,0
23.1986,0.644314,0.25,0.05,0
23.2367,0.642409,0.25,0.05,0
23.2748,0.640505,0.25,0.05,0
23.3129,0.638601,0.25,0.05,0
23.351,0.636697,0.25,0.05,0
23.3891,0.634792,0.25,0.05,0
23.4272,0.632888,0.25,0.05,0
23.4652,0.630984,0.25,0.05,0
23.5033,0.62908,0.25,0.05,0
23.5414,0.627175,0.25,0.05,0
23.5795,0.625271,0.25,0.05,0
23.6176,0.623367,0.25,0.05,0
23.6557,0.621463,0.25,0.05,0
23.6938,0.619558,0.25,0.05,0
23.7318,0.617654,0.25,0.05,0
23.7699,0.61575,0.25,0.05,0
23.808,0.613846,0.25,0.05,0
23.8461,0.611941,0.25,0.05,0
23.8842,0.610037,0.25,0.05,0
23.9223,0.608133,0.25,0.05,0
23.9603,0.606229,0.25,0.05,0
23.9984,0.604324,0.25,0.05,0
24.0365,0.60242,0.25,0.05,0
24.0746,0.600516,0.25,0.05,0
24.1127,0.598611,0.25,0.05,0
24.1508,0.596707,0.25,0.05,0
24.1889,0.594803,0.25,0.05,0
24.2269,0.592899,0.25,0.05,0
24.265,0.590994,0.25,0.05,0
24.3031,0.58909,0.25,0.05,0
24.3412,0.587186,0.25,0.05,0
24.3793,0.585282,0.25,0.05,0
24.4174,0.583377,0.25,0.05,0
24.4555,0.581473,0.25,0.05,0
24.4935,0.579569,0.25,0.05,0
24.5316,0.577665,0.25,0.05,0
24.5697,0.57576,0.25,0.05,0
24.6078,0.573856,0.25,0.05,0
24.6459,0.571952,0.25,0.05,0
24.684,0.570048,0.25,0.05,0
24.7221,0.568143,0.25,0.05,0
24.7601,0.566239,0.25,0.05,0
24.7982,0.564335,0.25,0.05,0
24.8363,0.562431,0.25,0.05,0
24.8744,0.560526,0.25,0.05,0
24.8744,0.560526,0.25,0.05,-0
24.9081,0.557159,0.24999,0.049985,-0.000887011
24.9419,0.553793,0.249962,0.0499404,-0.00175601
24.9756,0.550432,0.249913,0.0498668,-0.002607
25.0094,0.547077,0.249845,0.0497648,-0.00343998
25.0431,0.543731,0.249756,0.0496349,-0.00425495
25.0769,0.540394,0.249646,0.0494778,-0.00505191
25.1107,0.53707,0.249515,0.0492942,-0.00583086
25.1444,0.53376,0.249363,0.0490845,-0.0065918
25.1782,0.530466,0.24919,0.0488495,-0.00733473
25.2119,0.52719,0.248995,0.0485897,-0.00805964
25.2457,0.523934,0.248779,0.0483058,-0.00876655
25.2794,0.520699,0.24854,0.0479983,-0.00945545
25.3132,0.517488,0.248279,0.0476678,-0.0101263
25.3469,0.514301,0.247996,0.047315,-0.0107792
25.3807,0.511141,0.247691,0.0469405,-0.0114141
25.4144,0.50801,0.247364,0.0465449,-0.0120309
25.4482,0.504908,0.247014,0.0461287,-0.0126298
25.4819,0.501838,0.246643,0.0456926,-0.0132106
25.5157,0.498801,0.246249,0.0452372,-0.0137734
25.5494,0.495798,0.245833,0.0447632,-0.0143182
25.5832,0.492832,0.245395,0.044271,-0.0148451
25.6169,0.489903,0.244935,0.0437614,-0.0153538
25.6507,0.487012,0.244453,0.0432349,-0.0158446
25.6844,0.484162,0.24395,0.0426922,-0.0163174
25.7182,0.481354,0.243425,0.0421337,-0.0167722
25.7519,0.478589,0.242879,0.0415603,-0.0172089
25.7857,0.475867,0.242313,0.0409724,-0.0176277
25.8194,0.473191,0.241726,0.0403707,-0.0180284
25.8532,0.470562,0.241118,0.0397558,-0.0184111
25.8869,0.46798,0.24049,0.0391282,-0.0187758
25.9207,0.465447,0.239843,0.0384886,-0.0191225
25.9544,0.462964,0.239177,0.0378377,-0.0194512
25.9882,0.460533,0.238492,0.0371759,-0.0197619
26.0219,0.458153,0.237788,0.036504,-0.0200546
26.0557,0.455826,0.237067,0.0358225,-0.0203292
26.0894,0.453554,0.236328,0.035132,-0.0205859
26.1232,0.451336,0.235572,0.0344332,-0.0208245
26.1569,0.449174,0.2348,0.0337266,-0.0210451
26.1907,0.447069,0.234012,0.0330129,-0.0212477
26.2244,0.445021,0.233209,0.0322927,-0.0214323
26.2582,0.443032,0.232392,0.0315665,-0.0215989
26.2919,0.441102,0.23156,0.030835,-0.0217475
26.3257,0.439231,0.230716,0.0300988,-0.0218781
26.3594,0.437421,0.22986,0.0293585,-0.0219907
26.3932,0.435672,0.228992,0.0286147,-0.0220852
26.4269,0.433984,0.228113,0.027868,-0.0221618
26.4607,0.432359,0.227225,0.027119,-0.0222203
26.4945,0.430797,0.226329,0.0263683,-0.0222608
26.5282,0.429297,0.225425,0.0256166,-0.0222833
26.562,0.427861,0.224514,0.0248645,-0.0222878
26.5957,0.426489,0.223599,0.0241125,-0.0222743
26.6295,0.425181,0.222679,0.0233612,-0.0222428
26.6632,0.423937,0.221757,0.0226113,-0.0221933
26.697,0.422757,0.220834,0.0218634,-0.0221257
26.7307,0.421642,0.219912,0.0211181,-0.0220402
26.7645,0.42059,0.218992,0.0203759,-0.0219366
26.7982,0.419602,0.218076,0.0196376,-0.0218151
26.832,0.418676,0.217166,0.0189037,-0.0216755
26.8657,0.417813,0.216263,0.0181748,-0.0215179
26.8995,0.417012,0.21537,0.0174515,-0.0213423
26.9332,0.41627,0.214489,0.0167344,-0.0211487
26.967,0.415588,0.213622,0.0160242,-0.0209371
27.0007,0.414963,0.212771,0.0153214,-0.0207074
27.0345,0.414394,0.211939,0.0146267,-0.0204598
27.0682,0.413878,0.211127,0.0139406,-0.0201941
27.102,0.413413,0.210337,0.0132638,-0.0199105
27.1357,0.412997,0.209572,0.0125969,-0.0196088
27.1695,0.412627,0.208833,0.0119405,-0.0192891
27.2032,0.4123,0.208122,0.0112952,-0.0189514
27.237,0.412013,0.207441,0.0106615,-0.0185957
27.2707,0.411763,0.20679,0.0100402,-0.018222
27.3045,0.411546,0.206171,0.0094318,-0.0178303
27.3382,0.411361,0.205584,0.00883692,-0.0174205
27.372,0.411203,0.205031,0.00825617,-0.0169928
27.4057,0.41107,0.20451,0.00769017,-0.016547
27.4395,0.410959,0.204023,0.00713951,-0.0160833
27.4732,0.410867,0.20357,0.00660481,-0.0156015
27.507,0.410791,0.203149,0.00608668,-0.0151017
27.5407,0.41073,0.202761,0.00558571,-0.0145839
27.5745,0.410681,0.202404,0.00510253,-0.0140481
27.6082,0.410642,0.202078,0.00463774,-0.0134943
27.642,0.410611,0.201783,0.00419194,-0.0129224
27.6757,0.410588,0.201516,0.00376574,-0.0123326
27.7095,0.41057,0.201276,0.00335976,-0.0117248
27.7432,0.410556,0.201063,0.0029746,-0.0110989
27.777,0.410547,0.200876,0.00261086,-0.010455
27.8108,0.41054,0.200711,0.00226916,-0.00979314
27.8445,0.410535,0.200569,0.0019501,-0.00911325
27.8783,0.410532,0.200448,0.0016543,-0.00841535
27.912,0.41053,0.200346,0.00138235,-0.00769944
27.9458,0.410528,0.200261,0.00113487,-0.00696551
27.9795,0.410527,0.200192,0.000912466,-0.00621358
28.0133,0.410527,0.200137,0.000715743,-0.00544364
28.047,0.410527,0.200095,0.000545311,-0.00465568
28.0808,0.410526,0.200063,0.000401777,-0.00384972
28.1145,0.410526,0.20004,0.000285749,-0.00302574
28.1483,0.410526,0.200023,0.000197836,-0.00218376
28.182,0.410526,0.200012,0.000138644,-0.00132376
28.2158,0.410526,0.200004,0.000108782,-0.000445757
28.2495,0.410526,0.199996,0.000108782,0.000445757
28.2833,0.410526,0.199988,0.000138644,0.00132376
28.317,0.410526,0.199977,0.000197836,0.00218376
28.3508,0.410526,0.19996,0.000285749,0.00302574
28.3845,0.410526,0.199937,0.000401777,0.00384972
28.4183,0.410527,0.199905,0.000545311,0.00465568
28.452,0.410527,0.199863,0.000715743,0.00544364
28.4858,0.410527,0.199808,0.000912466,0.00621358
28.5195,0.410528,0.199739,0.00113487,0.00696551
28.5533,0.41053,0.199654,0.00138235,0.00769944
28.587,0.410532,0.199552,0.0016543,0.00841535
28.6208,0.410535,0.199431,0.0019501,0.00911325
28.6545,0.41054,0.199289,0.00226916,0.00979314
28.6883,0.410547,0.199124,0.00261086,0.010455
28.722,0.410556,0.198937,0.0029746,0.0110989
28.7558,0.41057,0.198724,0.00335976,0.0117248
28.7895,0.410588,0.198484,0.00376574,0.0123326
28.8233,0.410611,0.198217,0.00419194,0.0129224
28.857,0.410642,0.197922,0.00463774,0.0134943
28.8908,0.410681,0.197596,0.00510253,0.0140481
28.9245,0.41073,0.197239,0.00558571,0.0145839
28.9583,0.410791,0.196851,0.00608668,0.0151017
28.992,0.410867,0.19643,0.00660481,0.0156015
29.0258,0.410959,0.195977,0.00713951,0.0160833
29.0595,0.41107,0.19549,0.00769017,0.016547
29.0933,0.411203,0.194969,0.00825617,0.0169928
29.127,0.411361,0.194416,0.00883692,0.0174205
29.1608,0.411546,0.193829,0.0094318,0.0178303
29.1946,0.411763,0.19321,0.0100402,0.018222
29.2283,0.412013,0.192559,0.0106615,0.0185957
29.2621,0.4123,0.191878,0.0112952,0.0189514
29.2958,0.412627,0.191167,0.0119405,0.0192891
29.3296,0.412997,0.190428,0.0125969,0.0196088
29.3633,0.413413,0.189663,0.0132638,0.0199105
29.3971,0.413878,0.188873,0.0139406,0.0201941
29.4308,0.414394,0.188061,0.0146267,0.0204598
29.4646,0.414963,0.187229,0.0153214,0.0207074
29.4983,0.415588,0.186378,0.0160242,0.0209371
29.5321,0.41627,0.185511,0.0167344,0.0211487
29.5658,0.417012,0.18463,0.0174515,0.0213423
29.5996,0.417813,0.183737,0.0181748,0.0215179
29.6333,0.418676,0.182834,0.0189037,0.0216755
29.6671,0.419602,0.181924,0.0196376,0.0218151
29.7008,0.42059,0.181008,0.0203759,0.0219366
29.7346,0.421642,0.180088,0.0211181,0.0220402
29.7683,0.422757,0.179166,0.0218634,0.0221257
29.8021,0.423937,0.178243,0.0226113,0.0221933
29.8358,0.425181,0.177321,0.0233612,0.0222428
29.8696,0.426489,0.176401,0.0241125,0.0222743
29.9033,0.427861,0.175486,0.0248645,0.0222878
29.9371,0.429297,0.174575,0.0256166,0.0222833
29.9708,0.430797,0.173671,0.0263683,0.0222608
30.0046,0.432359,0.172775,0.027119,0.0222203
30.0383,0.433984,0.171887,0.027868,0.0221618
30.0721,0.435672,0.171008,0.0286147,0.0220852
30.1058,0.437421,0.17014,0.0293585,0.0219907
30.1396,0.439231,0.169284,0.0300988,0.0218781
30.1733,0.441102,0.16844,0.030835,0.0217475
30.2071,0.443032,0.167608,0.0315665,0.0215989
30.2408,0.445021,0.166791,0.0322927,0.0214323
30.2746,0.447069,0.165988,0.0330129,0.0212477
30.3083,0.449174,0.1652,0.0337266,0.0210451
30.3421,0.451336,0.164428,0.0344332,0.0208245
30.3758,0.453554,0.163672,0.035132,0.0205859
30.4096,0.455826,0.162933,0.0358225,0.0203292
30.4433,0.458153,0.162212,0.036504,0.0200546
30.4771,0.460533,0.161508,0.0371759,0.0197619
30.5109,0.462964,0.160823,0.0378377,0.0194512
30.5446,0.465447,0.160157,0.0384886,0.0191225
30.5784,0.46798,0.15951,0.0391282,0.0187758
30.6121,0.470562,0.158882,0.0397558,0.0184111
30.6459,0.473191,0.158274,0.0403707,0.0180284
30.6796,0.475867,0.157687,0.0409724,0.0176277
30.7134,0.478589,0.157121,0.0415603,0.0172089
30.7471,0.481354,0.156575,0.0421337,0.0167722
30.7809,0.484162,0.15605,0.0426922,0.0163174
30.8146,0.487012,0.155547,0.0432349,0.0158446
30.8484,0.489903,0.155065,0.0437614,0.0153538
30.8821,0.492832,0.154605,0.044271,0.0148451
30.9159,0.495798,0.154167,0.0447632,0.0143182
30.9496,0.498801,0.153751,0.0452372,0.0137734
30.9834,0.501838,0.153357,0.0456926,0.0132106
31.0171,0.504908,0.152986,0.0461287,0.0126298
31.0509,0.50801,0.152636,0.0465449,0.0120309
31.0846,0.511141,0.152309,0.0469405,0.0114141
31.1184,0.514301,0.152004,0.047315,0.0107792
31.1521,0.517488,0.151721,0.0476678,0.0101263
31.1859,0.520699,0.15146,0.0479983,0.00945545
31.2196,0.523934,0.151221,0.0483058,0.00876655
31.2534,0.52719,0.151005,0.0485897,0.00805964
31.2871,0.530466,0.15081,0.0488495,0.00733473
31.3209,0.53376,0.150637,0.0490845,0.0065918
31.3546,0.53707,0.150485,0.0492942,0.00583086
31.3884,0.540394,0.150354,0.0494778,0.00505191
31.4221,0.543731,0.150244,0.0496349,0.00425495
31.4559,0.547077,0.150155,0.0497648,0.00343998
31.4896,0.550432,0.150087,0.0498668,0.002607
31.5234,0.553793,0.150038,0.0499404,0.00175601
31.5571,0.557159,0.15001,0.049985,0.000887011
31.5909,0.560526,0.15,0.05,0
31.5909,0.560526,0.15,0.05,0
31.629,0.562431,0.15,0.05,0
31.6671,0.564335,0.15,0.05,0
31.7051,0.566239,0.15,0.05,0
31.7432,0.568143,0.15,0.05,0
31.7813,0.570048,0.15,0.05,0
31.8194,0.571952,0.15,0.05,0
31.8575,0.573856,0.15,0.05,0
31.8956,0.57576,0.15,0.05,0
31.9337,0.577665,0.15,0.05,0
31.9717,0.579569,0.15,0.05,0
32.0098,0.581473,0.15,0.05,0
32.0479,0.583377,0.15,0.05,0
32.086,0.585282,0.15,0.05,0
32.1241,0.587186,0.15,0.05,0
32.1622,0.58909,0.15,0.05,0
32.2003,0.590994,0.15,0.05,0
32.2383,0.592899,0.15,0.05,0
32.2764,0.594803,0.15,0.05,0
32.3145,0.596707,0.15,0.05,0
32.3526,0.598611,0.15,0.05,0
32.3907,0.600516,0.15,0.05,0
32.4288,0.60242,0.15,0.05,0
32.4668,0.604324,0.15,0.05,0
32.5049,0.606229,0.15,0.05,0
32.543,0.608133,0.15,0.05,0
32.5811,0.610037,0.15,0.05,0
32.6192,0.611941,0.15,0.05,0
32.6573,0.613846,0.15,0.05,0
32.6954,0.61575,0.15,0.05,0
32.7334,0.617654,0.15,0.05,0
32.7715,0.619558,0.15,0.05,0
32.8096,0.621463,0.15,0.05,0
32.8477,0.623367,0.15,0.05,0
32.8858,0.625271,0.15,0.05,0
32.9239,0.627175,0.15,0.05,0
32.962,0.62908,0.15,0.05,0
33,0.630984,0.15,0.05,0
33.0381,0.632888,0.15,0.05,0
33.0762,0.634792,0.15,0.05,0
33.1143,0.636697,0.15,0.05,0
33.1524,0.638601,0.15,0.05,0
33.1905,0.640505,0.15,0.05,0
33.2286,0.642409,0.15,0.05,0
33.2666,0.644314,0.15,0.05,0
33.3047,0.646218,0.15,0.05,0
33.3428,0.648122,0.15,0.05,0
33.3809,0.650026,0.15,0.05,0
33.419,0.651931,0.15,0.05,0
33.4571,0.653835,0.15,0.05,0
33.4951,0.655739,0.15,0.05,0
33.5332,0.657643,0.15,0.05,0
33.5713,0.659548,0.15,0.05,0
33.6094,0.661452,0.15,0.05,0
33.6475,0.663356,0.15,0.05,0
33.6856,0.665261,0.15,0.05,0
33.7237,0.667165,0.15,0.05,0
33.7617,0.669069,0.15,0.05,0
33.7998,0.670973,0.15,0.05,0
33.8379,0.672878,0.15,0.05,0
33.876,0.674782,0.15,0.05,0
33.9141,0.676686,0.15,0.05,0
33.9522,0.67859,0.15,0.05,0
33.9903,0.680495,0.15,0.05,0
34.0283,0.682399,0.15,0.05,0
34.0664,0.684303,0.15,0.05,0
34.1045,0.686207,0.15,0.05,0
34.1426,0.688112,0.15,0.05,0
34.1807,0.690016,0.15,0.05,0
34.2188,0.69192,0.15,0.05,0
34.2569,0.693824,0.15,0.05,0
34.2949,0.695729,0.15,0.05,0
34.333,0.697633,0.15,0.05,0
34.3711,0.699537,0.15,0.05,0
34.4092,0.701441,0.15,0.05,0
34.4473,0.703346,0.15,0.05,0
34.4854,0.70525,0.15,0.05,0
34.5234,0.707154,0.15,0.05,0
34.5615,0.709058,0.15,0.05,0
34.5996,0.710963,0.15,0.05,0
34.6377,0.712867,0.15,0.05,0
34.6758,0.714771,0.15,0.05,0
34.7139,0.716675,0.15,0.05,0
34.752,0.71858,0.15,0.05,0
34.79,0.720484,0.15,0.05,0
34.8281,0.722388,0.15,0.05,0
34.8662,0.724293,0.15,0.05,0
34.9043,0.726197,0.15,0.05,0
34.9424,0.728101,0.15,0.05,0
34.9805,0.730005,0.15,0.05,0
35.0186,0.73191,0.15,0.05,0
35.0566,0.733814,0.15,0.05,0
35.0947,0.735718,0.15,0.05,0
35.1328,0.737622,0.15,0.05,0
35.1709,0.739527,0.15,0.05,0
35.209,0.741431,0.15,0.05,0
35.2471,0.743335,0.15,0.05,0
35.2852,0.745239,0.15,0.05,0
35.3232,0.747144,0.15,0.05,0
35.3613,0.749048,0.15,0.05,0
35.3994,0.750952,0.15,0.05,0
35.4375,0.752856,0.15,0.05,0
35.4756,0.754761,0.15,0.05,0
35.5137,0.756665,0.15,0.05,0
35.5517,0.758569,0.15,0.05,0
35.5898,0.760473,0.15,0.05,0
35.6279,0.762378,0.15,0.05,0
35.666,0.764282,0.15,0.05,0
35.7041,0.766186,0.15,0.05,0
35.7422,0.76809,0.15,0.05,0
35.7803,0.769995,0.15,0.05,0
35.8183,0.771899,0.15,0.05,0
35.8564,0.773803,0.15,0.05,0
35.8945,0.775707,0.15,0.05,0
35.9326,0.777612,0.15,0.05,0
35.9707,0.779516,0.15,0.05,0
36.0088,0.78142,0.15,0.05,0
36.0469,0.783325,0.15,0.05,0
36.0849,0.785229,0.15,0.05,0
36.123,0.787133,0.15,0.05,0
36.1611,0.789037,0.15,0.05,0
36.1992,0.790942,0.15,0.05,0
36.2373,0.792846,0.15,0.05,0
36.2754,0.79475,0.15,0.05,0
36.3135,0.796654,0.15,0.05,0
36.3515,0.798559,0.15,0.05,0
36.3896,0.800463,0.15,0.05,0
36.4277,0.802367,0.15,0.05,0
36.4658,0.804271,0.15,0.05,0
36.5039,0.806176,0.15,0.05,0
36.542,0.80808,0.15,0.05,0
36.58,0.809984,0.15,0.05,0
36.6181,0.811888,0.15,0.05,0
36.6562,0.813793,0.15,0.05,0
36.6943,0.815697,0.15,0.05,0
36.7324,0.817601,0.15,0.05,0
36.7705,0.819505,0.15,0.05,0
36.8086,0.82141,0.15,0.05,0
36.8466,0.823314,0.15,0.05,0
36.8847,0.825218,0.15,0.05,0
36.9228,0.827122,0.15,0.05,0
36.9609,0.829027,0.15,0.05,0
36.999,0.830931,0.15,0.05,0
37.0371,0.832835,0.15,0.05,0
37.0752,0.834739,0.15,0.05,0
37.1132,0.836644,0.15,0.05,0
37.1513,0.838548,0.15,0.05,0
37.1894,0.840452,0.15,0.05,0
37.2275,0.842357,0.15,0.05,0
37.2656,0.844261,0.15,0.05,0
37.3037,0.846165,0.15,0.05,0
37.3417,0.848069,0.15,0.05,0
37.3798,0.849974,0.15,0.05,0
37.4179,0.851878,0.15,0.05,0
37.456,0.853782,0.15,0.05,0
37.4941,0.855686,0.15,0.05,0
37.5322,0.857591,0.15,0.05,0
37.5703,0.859495,0.15,0.05,0
37.6083,0.861399,0.15,0.05,0
37.6464,0.863303,0.15,0.05,0
37.6845,0.865208,0.15,0.05,0
37.7226,0.867112,0.15,0.05,0
37.7607,0.869016,0.15,0.05,0
37.7988,0.87092,0.15,0.05,0
37.8369,0.872825,0.15,0.05,0
37.8749,0.874729,0.15,0.05,0
37.913,0.876633,0.15,0.05,0
37.9511,0.878537,0.15,0.05,0
37.9892,0.880442,0.15,0.05,0
38.0273,0.882346,0.15,0.05,0
38.0654,0.88425,0.15,0.05,0
38.1035,0.886154,0.15,0.05,0
38.1415,0.888059,0.15,0.05,0
38.1796,0.889963,0.15,0.05,0
38.2177,0.891867,0.15,0.05,0
38.2558,0.893771,0.15,0.05,0
38.2939,0.895676,0.15,0.05,0
38.332,0.89758,0.15,0.05,0
38.37,0.899484,0.15,0.05,0
38.4081,0.901389,0.15,0.05,0
38.4462,0.903293,0.15,0.05,0
38.4843,0.905197,0.15,0.05,0
38.5224,0.907101,0.15,0.05,0
38.5605,0.909006,0.15,0.05,0
38.5986,0.91091,0.15,0.05,0
38.6366,0.912814,0.15,0.05,0
38.6747,0.914718,0.15,0.05,0
38.7128,0.916623,0.15,0.05,0
38.7509,0.918527,0.15,0.05,0
38.789,0.920431,0.15,0.05,0
38.8271,0.922335,0.15,0.05,0
38.8652,0.92424,0.15,0.05,0
38.9032,0.926144,0.15,0.05,0
38.9413,0.928048,0.15,0.05,0
38.9794,0.929952,0.15,0.05,0
39.0175,0.931857,0.15,0.05,0
39.0556,0.933761,0.15,0.05,0
39.0937,0.935665,0.15,0.05,0
39.1318,0.937569,0.15,0.05,0
39.1698,0.939474,0.15,0.05,0
39.1698,0.939474,0.15,0.05,-0
39.2036,0.942841,0.14999,0.049985,-0.000887011
39.2373,0.946207,0.149962,0.0499404,-0.00175601
39.2711,0.949568,0.149913,0.0498668,-0.002607
39.3048,0.952923,0.149845,0.0497648,-0.00343998
39.3386,0.956269,0.149756,0.0496349,-0.00425495
39.3723,0.959606,0.149646,0.0494778,-0.00505191
39.4061,0.96293,0.149515,0.0492942,-0.00583086
39.4398,0.96624,0.149363,0.0490845,-0.0065918
39.4736,0.969534,0.14919,0.0488495,-0.00733473
39.5074,0.97281,0.148995,0.0485897,-0.00805964
39.5411,0.976066,0.148779,0.0483058,-0.00876655
39.5749,0.979301,0.14854,0.0479983,-0.00945545
39.6086,0.982512,0.148279,0.0476678,-0.0101263
39.6424,0.985699,0.147996,0.047315,-0.0107792
39.6761,0.988859,0.147691,0.0469405,-0.0114141
39.7099,0.99199,0.147364,0.0465449,-0.0120309
39.7436,0.995092,0.147014,0.0461287,-0.0126298
39.7774,0.998162,0.146643,0.0456926,-0.0132106
39.8111,1.0012,0.146249,0.0452372,-0.0137734
39.8449,1.0042,0.145833,0.0447632,-0.0143182
39.8786,1.00717,0.145395,0.044271,-0.0148451
39.9124,1.0101,0.144935,0.0437614,-0.0153538
39.9461,1.01299,0.144453,0.0432349,-0.0158446
39.9799,1.01584,0.14395,0.0426922,-0.0163174
40.0136,1.01865,0.143425,0.0421337,-0.0167722
40.0474,1.02141,0.142879,0.0415603,-0.0172089
40.0811,1.02413,0.142313,0.0409724,-0.0176277
40.1149,1.02681,0.141726,0.0403707,-0.0180284
40.1486,1.02944,0.141118,0.0397558,-0.0184111
40.1824,1.03202,0.14049,0.0391282,-0.0187758
40.2161,1.03455,0.139843,0.0384886,-0.0191225
40.2499,1.03704,0.139177,0.0378377,-0.0194512
40.2836,1.03947,0.138492,0.0371759,-0.0197619
40.3174,1.04185,0.137788,0.036504,-0.0200546
40.3511,1.04417,0.137067,0.0358225,-0.0203292
40.3849,1.04645,0.136328,0.035132,-0.0205859
40.4186,1.04866,0.135572,0.0344332,-0.0208245
40.4524,1.05083,0.1348,0.0337266,-0.0210451
40.4861,1.05293,0.134012,0.0330129,-0.0212477
40.5199,1.05498,0.133209,0.0322927,-0.0214323
40.5536,1.05697,0.132392,0.0315665,-0.0215989
40.5874,1.0589,0.13156,0.030835,-0.0217475
40.6211,1.06077,0.130716,0.0300988,-0.0218781
40.6549,1.06258,0.12986,0.0293585,-0.0219907
40.6886,1.06433,0.128992,0.0286147,-0.0220852
40.7224,1.06602,0.128113,0.027868,-0.0221618
40.7561,1.06764,0.127225,0.027119,-0.0222203
40.7899,1.0692,0.126329,0.0263683,-0.0222608
40.8236,1.0707,0.125425,0.0256166,-0.0222833
40.8574,1.07214,0.124514,0.0248645,-0.0222878
40.8912,1.07351,0.123599,0.0241125,-0.0222743
40.9249,1.07482,0.122679,0.0233612,-0.0222428
40.9587,1.07606,0.121757,0.0226113,-0.0221933
40.9924,1.07724,0.120834,0.0218634,-0.0221257
41.0262,1.07836,0.119912,0.0211181,-0.0220402
41.0599,1.07941,0.118992,0.0203759,-0.0219366
41.0937,1.0804,0.118076,0.0196376,-0.0218151
41.1274,1.08132,0.117166,0.0189037,-0.0216755
41.1612,1.08219,0.116263,0.0181748,-0.0215179
41.1949,1.08299,0.11537,0.0174515,-0.0213423
41.2287,1.08373,0.114489,0.0167344,-0.0211487
41.2624,1.08441,0.113622,0.0160242,-0.0209371
41.2962,1.08504,0.112771,0.0153214,-0.0207074
41.3299,1.08561,0.111939,0.0146267,-0.0204598
41.3637,1.08612,0.111127,0.0139406,-0.0201941
41.3974,1.08659,0.110337,0.0132638,-0.0199105
41.4312,1.087,0.109572,0.0125969,-0.0196088
41.4649,1.08737,0.108833,0.0119405,-0.0192891
41.4987,1.0877,0.108122,0.0112952,-0.0189514
41.5324,1.08799,0.107441,0.0106615,-0.0185957
41.5662,1.08824,0.10679,0.0100402,-0.018222
41.5999,1.08845,0.106171,0.0094318,-0.0178303
41.6337,1.08864,0.105584,0.00883692,-0.0174205
41.6674,1.0888,0.105031,0.00825617,-0.0169928
41.7012,1.08893,0.10451,0.00769017,-0.016547
41.7349,1.08904,0.104023,0.00713951,-0.0160833
41.7687,1.08913,0.10357,0.00660481,-0.0156015
41.8024,1.08921,0.103149,0.00608668,-0.0151017
41.8362,1.08927,0.102761,0.00558571,-0.0145839
41.8699,1.08932,0.102404,0.00510253,-0.0140481
41.9037,1.08936,0.102078,0.00463774,-0.0134943
41.9374,1.08939,0.101783,0.00419194,-0.0129224
41.9712,1.08941,0.101516,0.00376574,-0.0123326
42.0049,1.08943,0.101276,0.00335976,-0.0117248
42.0387,1.08944,0.101063,0.0029746,-0.0110989
42.0724,1.08945,0.100876,0.00261086,-0.010455
42.1062,1.08946,0.100711,0.00226916,-0.00979314
42.1399,1.08947,0.100569,0.0019501,-0.00911325
42.1737,1.08947,0.100448,0.0016543,-0.00841535
42.2074,1.08947,0.100346,0.00138235,-0.00769944
42.2412,1.08947,0.100261,0.00113487,-0.00696551
42.275,1.08947,0.100192,0.000912466,-0.00621358
42.3087,1.08947,0.100137,0.000715743,-0.00544364
42.3425,1.08947,0.100095,0.000545311,-0.00465568
42.3762,1.08947,0.100063,0.000401777,-0.00384972
42.41,1.08947,0.10004,0.000285749,-0.00302574
42.4437,1.08947,0.100023,0.000197836,-0.00218376
42.4775,1.08947,0.100012,0.000138644,-0.00132376
42.5112,1.08947,0.100004,0.000108782,-0.000445757
42.545,1.08947,0.0999963,0.000108782,0.000445757
42.5787,1.08947,0.099988,0.000138644,0.00132376
42.6125,1.08947,0.0999767,0.000197836,0.00218376
42.6462,1.08947,0.0999604,0.000285749,0.00302574
42.68,1.08947,0.0999372,0.000401777,0.00384972
42.7137,1.08947,0.0999053,0.000545311,0.00465568
42.7475,1.08947,0.0998629,0.000715743,0.00544364
42.7812,1.08947,0.099808,0.000912466,0.00621358
42.815,1.08947,0.0997391,0.00113487,0.00696551
42.8487,1.08947,0.0996543,0.00138235,0.00769944
42.8825,1.08947,0.0995521,0.0016543,0.00841535
42.9162,1.08947,0.0994307,0.0019501,0.00911325
42.95,1.08946,0.0992887,0.00226916,0.00979314
42.9837,1.08945,0.0991245,0.00261086,0.010455
43.0175,1.08944,0.0989366,0.0029746,0.0110989
43.0512,1.08943,0.0987237,0.00335976,0.0117248
43.085,1.08941,0.0984843,0.00376574,0.0123326
43.1187,1.08939,0.0982174,0.00419194,0.0129224
43.1525,1.08936,0.0979216,0.00463774,0.0134943
43.1862,1.08932,0.0975958,0.00510253,0.0140481
43.22,1.08927,0.0972392,0.00558571,0.0145839
43.2537,1.08921,0.0968509,0.00608668,0.0151017
43.2875,1.08913,0.0964302,0.00660481,0.0156015
43.3212,1.08904,0.0959766,0.00713951,0.0160833
43.355,1.08893,0.0954897,0.00769017,0.016547
43.3887,1.0888,0.0949694,0.00825617,0.0169928
43.4225,1.08864,0.0944157,0.00883692,0.0174205
43.4562,1.08845,0.0938291,0.0094318,0.0178303
43.49,1.08824,0.0932099,0.0100402,0.018222
43.5237,1.08799,0.0925591,0.0106615,0.0185957
43.5575,1.0877,0.0918776,0.0112952,0.0189514
43.5913,1.08737,0.0911667,0.0119405,0.0192891
43.625,1.087,0.0904278,0.0125969,0.0196088
43.6588,1.08659,0.0896626,0.0132638,0.0199105
43.6925,1.08612,0.0888731,0.0139406,0.0201941
43.7263,1.08561,0.088061,0.0146267,0.0204598
43.76,1.08504,0.0872285,0.0153214,0.0207074
43.7938,1.08441,0.0863777,0.0160242,0.0209371
43.8275,1.08373,0.0855108,0.0167344,0.0211487
43.8613,1.08299,0.0846299,0.0174515,0.0213423
43.895,1.08219,0.0837371,0.0181748,0.0215179
43.9288,1.08132,0.0828345,0.0189037,0.0216755
43.9625,1.0804,0.0819242,0.0196376,0.0218151
43.9963,1.07941,0.081008,0.0203759,0.0219366
44.03,1.07836,0.0800879,0.0211181,0.0220402
44.0638,1.07724,0.0791655,0.0218634,0.0221257
44.0975,1.07606,0.0782427,0.0226113,0.0221933
44.1313,1.07482,0.0773208,0.0233612,0.0222428
44.165,1.07351,0.0764014,0.0241125,0.0222743
44.1988,1.07214,0.0754858,0.0248645,0.0222878
44.2325,1.0707,0.0745754,0.0256166,0.0222833
44.2663,1.0692,0.0736713,0.0263683,0.0222608
44.3,1.06764,0.0727747,0.027119,0.0222203
44.3338,1.06602,0.0718867,0.027868,0.0221618
44.3675,1.06433,0.0710083,0.0286147,0.0220852
44.4013,1.06258,0.0701404,0.0293585,0.0219907
44.435,1.06077,0.0692839,0.0300988,0.0218781
44.4688,1.0589,0.0684396,0.030835,0.0217475
44.5025,1.05697,0.0676084,0.0315665,0.0215989
44.5363,1.05498,0.0667909,0.0322927,0.0214323
44.57,1.05293,0.0659879,0.0330129,0.0212477
44.6038,1.05083,0.0652,0.0337266,0.0210451
44.6375,1.04866,0.0644279,0.0344332,0.0208245
44.6713,1.04645,0.0636721,0.035132,0.0205859
44.705,1.04417,0.0629332,0.0358225,0.0203292
44.7388,1.04185,0.0622117,0.036504,0.0200546
44.7725,1.03947,0.0615081,0.0371759,0.0197619
44.8063,1.03704,0.060823,0.0378377,0.0194512
44.84,1.03455,0.0601566,0.0384886,0.0191225
44.8738,1.03202,0.0595095,0.0391282,0.0187758
44.9075,1.02944,0.058882,0.0397558,0.0184111
44.9413,1.02681,0.0582745,0.0403707,0.0180284
44.9751,1.02413,0.0576872,0.0409724,0.0176277
45.0088,1.02141,0.0571206,0.0415603,0.0172089
45.0426,1.01865,0.0565749,0.0421337,0.0167722
45.0763,1.01584,0.0560503,0.0426922,0.0163174
45.1101,1.01299,0.055547,0.0432349,0.0158446
45.1438,1.0101,0.0550653,0.0437614,0.0153538
45.1776,1.00717,0.0546054,0.044271,0.0148451
45.2113,1.0042,0.0541673,0.0447632,0.0143182
45.2451,1.0012,0.0537513,0.0452372,0.0137734
45.2788,0.998162,0.0533573,0.0456926,0.0132106
45.3126,0.995092,0.0529856,0.0461287,0.0126298
45.3463,0.99199,0.052636,0.0465449,0.0120309
45.3801,0.988859,0.0523088,0.0469405,0.0114141
45.4138,0.985699,0.0520037,0.047315,0.0107792
45.4476,0.982512,0.0517209,0.0476678,0.0101263
45.4813,0.979301,0.0514602,0.0479983,0.00945545
45.5151,0.976066,0.0512215,0.0483058,0.00876655
45.5488,0.97281,0.0510048,0.0485897,0.00805964
45.5826,0.969534,0.0508099,0.0488495,0.00733473
45.6163,0.96624,0.0506366,0.0490845,0.0065918
45.6501,0.96293,0.0504847,0.0492942,0.00583086
45.6838,0.959606,0.0503541,0.0494778,0.00505191
45.7176,0.956269,0.0502445,0.0496349,0.00425495
45.7513,0.952923,0.0501555,0.0497648,0.00343998
45.7851,0.949568,0.0500869,0.0498668,0.002607
45.8188,0.946207,0.0500384,0.0499404,0.00175601
45.8526,0.942841,0.0500095,0.049985,0.000887011
45.8863,0.939474,0.05,0.05,9.89804e-18
45.8863,0.939474,0.05,0.05,0
45.9244,0.937569,0.05,0.05,0
45.9625,0.935665,0.05,0.05,0
46.0006,0.933761,0.05,0.05,0
46.0387,0.931857,0.05,0.05,0
46.0768,0.929952,0.05,0.05,0
46.1148,0.928048,0.05,0.05,0
46.1529,0.926144,0.05,0.05,0
46.191,0.92424,0.05,0.05,0
46.2291,0.922335,0.05,0.05,0
46.2672,0.920431,0.05,0.05,0
46.3053,0.918527,0.05,0.05,0
46.3434,0.916623,0.05,0.05,0
46.3814,0.914718,0.05,0.05,0
46.4195,0.912814,0.05,0.05,0
46.4576,0.91091,0.05,0.05,0
46.4957,0.909006,0.05,0.05,0
46.5338,0.907101,0.05,0.05,0
46.5719,0.905197,0.05,0.05,0
46.61,0.903293,0.05,0.05,0
46.648,0.901389,0.05,0.05,0
46.6861,0.899484,0.05,0.05,0
46.7242,0.89758,0.05,0.05,0
46.7623,0.895676,0.05,0.05,0
46.8004,0.893771,0.05,0.05,0
46.8385,0.891867,0.05,0.05,0
46.8765,0.889963,0.05,0.05,0
46.9146,0.888059,0.05,0.05,0
46.9527,0.886154,0.05,0.05,0
46.9908,0.88425,0.05,0.05,0
47.0289,0.882346,0.05,0.05,0
47.067,0.880442,0.05,0.05,0
47.1051,0.878537,0.05,0.05,0
47.1431,0.876633,0.05,0.05,0
47.1812,0.874729,0.05,0.05,0
47.2193,0.872825,0.05,0.05,0
47.2574,0.87092,0.05,0.05,0
47.2955,0.869016,0.05,0.05,0
47.3336,0.867112,0.05,0.05,0
47.3717,0.865208,0.05,0.05,0
47.4097,0.863303,0.05,0.05,0
47.4478,0.861399,0.05,0.05,0
47.4859,0.859495,0.05,0.05,0
47.524,0.857591,0.05,0.05,0
47.5621,0.855686,0.05,0.05,0
47.6002,0.853782,0.05,0.05,0
47.6383,0.851878,0.05,0.05,0
47.6763,0.849974,0.05,0.05,0
47.7144,0.848069,0.05,0.05,0
47.7525,0.846165,0.05,0.05,0
47.7906,0.844261,0.05,0.05,0
47.8287,0.842357,0.05,0.05,0
47.8668,0.840452,0.05,0.05,0
47.9048,0.838548,0.05,0.05,0
47.9429,0.836644,0.05,0.05,0
47.981,0.834739,0.05,0.05,0
48.0191,0.832835,0.05,0.05,0
48.0572,0.830931,0.05,0.05,0
48.0953,0.829027,0.05,0.05,0
48.1334,0.827122,0.05,0.05,0
48.1714,0.825218,0.05,0.05,0
48.2095,0.823314,0.05,0.05,0
48.2476,0.82141,0.05,0.05,0
48.2857,0.819505,0.05,0.05,0
48.3238,0.817601,0.05,0.05,0
48.3619,0.815697,0.05,0.05,0
48.4,0.813793,0.05,0.05,0
48.438,0.811888,0.05,0.05,0
48.4761,0.809984,0.05,0.05,0
48.5142,0.80808,0.05,0.05,0
48.5523,0.806176,0.05,0.05,0
48.5904,0.804271,0.05,0.05,0
48.6285,0.802367,0.05,0.05,0
48.6666,0.800463,0.05,0.05,0
48.7046,0.798559,0.05,0.05,0
48.7427,0.796654,0.05,0.05,0
48.7808,0.79475,0.05,0.05,0
48.8189,0.792846,0.05,0.05,0
48.857,0.790942,0.05,0.05,0
48.8951,0.789037,0.05,0.05,0
48.9331,0.787133,0.05,0.05,0
48.9712,0.785229,0.05,0.05,0
49.0093,0.783325,0.05,0.05,0
49.0474,0.78142,0.05,0.05,0
49.0855,0.779516,0.05,0.05,0
49.1236,0.777612,0.05,0.05,0
49.1617,0.775707,0.05,0.05,0
49.1997,0.773803,0.05,0.05,0
49.2378,0.771899,0.05,0.05,0
49.2759,0.769995,0.05,0.05,0
49.314,0.76809,0.05,0.05,0
49.3521,0.766186,0.05,0.05,0
49.3902,0.764282,0.05,0.05,0
49.4283,0.762378,0.05,0.05,0
49.4663,0.760473,0.05,0.05,0
49.5044,0.758569,0.05,0.05,0
49.5425,0.756665,0.05,0.05,0
49.5806,0.754761,0.05,0.05,0
49.6187,0.752856,0.05,0.05,0
49.6568,0.750952,0.05,0.05,0
49.6949,0.749048,0.05,0.05,0
49.7329,0.747144,0.05,0.05,0
49.771,0.745239,0.05,0.05,0
49.8091,0.743335,0.05,0.05,0
49.8472,0.741431,0.05,0.05,0
49.8853,0.739527,0.05,0.05,0
49.9234,0.737622,0.05,0.05,0
49.9614,0.735718,0.05,0.05,0
49.9995,0.733814,0.05,0.05,0
50.0376,0.73191,0.05,0.05,0
50.0757,0.730005,0.05,0.05,0
50.1138,0.728101,0.05,0.05,0
50.1519,0.726197,0.05,0.05,0
50.19,0.724293,0.05,0.05,0
50.228,0.722388,0.05,0.05,0
50.2661,0.720484,0.05,0.05,0
50.3042,0.71858,0.05,0.05,0
50.3423,0.716675,0.05,0.05,0
50.3804,0.714771,0.05,0.05,0
50.4185,0.712867,0.05,0.05,0
50.4566,0.710963,0.05,0.05,0
50.4946,0.709058,0.05,0.05,0
50.5327,0.707154,0.05,0.05,0
50.5708,0.70525,0.05,0.05,0
50.6089,0.703346,0.05,0.05,0
50.647,0.701441,0.05,0.05,0
50.6851,0.699537,0.05,0.05,0
50.7232,0.697633,0.05,0.05,0
50.7612,0.695729,0.05,0.05,0
50.7993,0.693824,0.05,0.05,0
50.8374,0.69192,0.05,0.05,0
50.8755,0.690016,0.05,0.05,0
50.9136,0.688112,0.05,0.05,0
50.9517,0.686207,0.05,0.05,0
50.9897,0.684303,0.05,0.05,0
51.0278,0.682399,0.05,0.05,0
51.0659,0.680495,0.05,0.05,0
51.104,0.67859,0.05,0.05,0
51.1421,0.676686,0.05,0.05,0
51.1802,0.674782,0.05,0.05,0
51.2183,0.672878,0.05,0.05,0
51.2563,0.670973,0.05,0.05,0
51.2944,0.669069,0.05,0.05,0
51.3325,0.667165,0.05,0.05,0
51.3706,0.665261,0.05,0.05,0
51.4087,0.663356,0.05,0.05,0
51.4468,0.661452,0.05,0.05,0
51.4849,0.659548,0.05,0.05,0
51.5229,0.657643,0.05,0.05,0
51.561,0.655739,0.05,0.05,0
51.5991,0.653835,0.05,0.05,0
51.6372,0.651931,0.05,0.05,0
51.6753,0.650026,0.05,0.05,0
51.7134,0.648122,0.05,0.05,0
51.7515,0.646218,0.05,0.05,0
51.7895,0.644314,0.05,0.05,0
51.8276,0.642409,0.05,0.05,0
51.8657,0.640505,0.05,0.05,0
51.9038,0.638601,0.05,0.05,0
51.9419,0.636697,0.05,0.05,0
51.98,0.634792,0.05,0.05,0
52.018,0.632888,0.05,0.05,0
52.0561,0.630984,0.05,0.05,0
52.0942,0.62908,0.05,0.05,0
52.1323,0.627175,0.05,0.05,0
52.1704,0.625271,0.05,0.05,0
52.2085,0.623367,0.05,0.05,0
52.2466,0.621463,0.05,0.05,0
52.2846,0.619558,0.05,0.05,0
52.3227,0.617654,0.05,0.05,0
52.3608,0.61575,0.05,0.05,0
52.3989,0.613846,0.05,0.05,0
52.437,0.611941,0.05,0.05,0
52.4751,0.610037,0.05,0.05,0
52.5132,0.608133,0.05,0.05,0
52.5512,0.606229,0.05,0.05,0
52.5893,0.604324,0.05,0.05,0
52.6274,0.60242,0.05,0.05,0
52.6655,0.600516,0.05,0.05,0
52.7036,0.598611,0.05,0.05,0
52.7417,0.596707,0.05,0.05,0
52.7798,0.594803,0.05,0.05,0
52.8178,0.592899,0.05,0.05,0
52.8559,0.590994,0.05,0.05,0
52.894,0.58909,0.05,0.05,0
52.9321,0.587186,0.05,0.05,0
52.9702,0.585282,0.05,0.05,0
53.0083,0.583377,0.05,0.05,0
53.0463,0.581473,0.05,0.05,0
53.0844,0.579569,0.05,0.05,0
53.1225,0.577665,0.05,0.05,0
53.1606,0.57576,0.05,0.05,0
53.1987,0.573856,0.05,0.05,0
53.2368,0.571952,0.05,0.05,0
53.2749,0.570048,0.05,0.05,0
53.3129,0.568143,0.05,0.05,0
53.351,0.566239,0.05,0.05,0
53.3891,0.564335,0.05,0.05,0
53.4272,0.562431,0.05,0.05,0
53.4653,0.560526,0.05,0.05,0
53.4653,0.560026,0.05,0.05,-0
53.4804,0.559526,0.05,0.0499962,-0.000499987
53.4954,0.559027,0.05,0.049985,-0.000994924
53.5105,0.558527,0.05,0.0499663,-0.00148481
53.5256,0.558027,0.05,0.0499402,-0.00196965
53.5407,0.557528,0.05,0.0499069,-0.00244943
53.5557,0.55703,0.05,0.0498664,-0.00292417
53.5708,0.556532,0.05,0.0498188,-0.00339385
53.5859,0.556034,0.05,0.0497641,-0.00385849
53.601,0.555537,0.05,0.0497024,-0.00431807
53.616,0.555041,0.05,0.0496339,-0.00477261
53.6311,0.554545,0.05,0.0495586,-0.00522209
53.6462,0.55405,0.05,0.0494765,-0.00566652
53.6613,0.553556,0.05,0.0493877,-0.00610591
53.6763,0.553063,0.05,0.0492924,-0.00654024
53.6914,0.552571,0.05,0.0491906,-0.00696952
53.7065,0.552081,0.05,0.0490823,-0.00739375
53.7216,0.551591,0.05,0.0489677,-0.00781293
53.7366,0.551102,0.05,0.0488468,-0.00822706
53.7517,0.550615,0.05,0.0487196,-0.00863615
53.7668,0.550129,0.05,0.0485864,-0.00904018
53.7819,0.549645,0.05,0.0484471,-0.00943916
53.7969,0.549162,0.05,0.0483018,-0.00983309
53.812,0.54868,0.05,0.0481507,-0.010222
53.8271,0.5482,0.05,0.0479937,-0.0106058
53.8422,0.547722,0.05,0.0478309,-0.0109846
53.8572,0.547246,0.05,0.0476625,-0.0113583
53.8723,0.546771,0.05,0.0474885,-0.011727
53.8874,0.546298,0.05,0.0473089,-0.0120906
53.9025,0.545826,0.05,0.047124,-0.0124492
53.9175,0.545357,0.05,0.0469336,-0.0128027
53.9326,0.54489,0.05,0.046738,-0.0131512
53.9477,0.544424,0.05,0.0465371,-0.0134946
53.9628,0.543961,0.05,0.0463311,-0.013833
53.9778,0.5435,0.05,0.0461201,-0.0141663
53.9929,0.543041,0.05,0.045904,-0.0144946
54.008,0.542584,0.05,0.0456831,-0.0148178
54.0231,0.542129,0.05,0.0454573,-0.015136
54.0381,0.541677,0.05,0.0452267,-0.0154491
54.0532,0.541227,0.05,0.0449915,-0.0157572
54.0683,0.54078,0.05,0.0447517,-0.0160602
54.0834,0.540335,0.05,0.0445073,-0.0163582
54.0984,0.539892,0.05,0.0442585,-0.0166511
54.1135,0.539452,0.05,0.0440053,-0.016939
54.1286,0.539014,0.05,0.0437478,-0.0172218
54.1437,0.53858,0.05,0.0434861,-0.0174996
54.1588,0.538147,0.05,0.0432202,-0.0177723
54.1738,0.537718,0.05,0.0429502,-0.0180399
54.1889,0.537291,0.05,0.0426763,-0.0183026
54.204,0.536867,0.05,0.0423984,-0.0185601
54.2191,0.536446,0.05,0.0421167,-0.0188127
54.2341,0.536028,0.05,0.0418312,-0.0190601
54.2492,0.535612,0.05,0.0415421,-0.0193025
54.2643,0.5352,0.05,0.0412493,-0.0195399
54.2794,0.53479,0.05,0.0409529,-0.0197722
54.2944,0.534384,0.05,0.0406532,-0.0199995
54.3095,0.53398,0.05,0.04035,-0.0202217
54.3246,0.53358,0.05,0.0400435,-0.0204389
54.3397,0.533182,0.05,0.0397337,-0.020651
54.3547,0.532788,0.05,0.0394209,-0.0208581
54.3698,0.532397,0.05,0.0391049,-0.0210601
54.3849,0.532009,0.05,0.0387859,-0.021257
54.4,0.531625,0.05,0.038464,-0.021449
54.415,0.531243,0.05,0.0381392,-0.0216358
54.4301,0.530865,0.05,0.0378117,-0.0218176
54.4452,0.53049,0.05,0.0374814,-0.0219944
54.4603,0.530119,0.05,0.0371486,-0.0221661
54.4753,0.529751,0.05,0.0368131,-0.0223328
54.4904,0.529386,0.05,0.0364752,-0.0224944
54.5055,0.529025,0.05,0.0361349,-0.0226509
54.5206,0.528667,0.05,0.0357923,-0.0228025
54.5356,0.528312,0.05,0.0354475,-0.0229489
54.5507,0.527961,0.05,0.0351004,-0.0230903
54.5658,0.527614,0.05,0.0347513,-0.0232267
54.5809,0.52727,0.05,0.0344001,-0.023358
54.5959,0.526929,0.05,0.0340471,-0.0234843
54.611,0.526592,0.05,0.0336921,-0.0236055
54.6261,0.526259,0.05,0.0333354,-0.0237216
54.6412,0.525929,0.05,0.0329769,-0.0238327
54.6562,0.525603,0.05,0.0326168,-0.0239388
54.6713,0.52528,0.05,0.0322552,-0.0240398
54.6864,0.524962,0.05,0.031892,-0.0241358
54.7015,0.524646,0.05,0.0315275,-0.0242267
54.7165,0.524335,0.05,0.0311616,-0.0243125
54.7316,0.524027,0.05,0.0307945,-0.0243933
54.7467,0.523722,0.05,0.0304261,-0.0244691
54.7618,0.523422,0.05,0.0300567,-0.0245398
54.7768,0.523125,0.05,0.0296863,-0.0246054
54.7919,0.522832,0.05,0.0293149,-0.024666
54.807,0.522542,0.05,0.0289426,-0.0247216
54.8221,0.522257,0.05,0.0285695,-0.0247721
54.8371,0.521975,0.05,0.0281957,-0.0248176
54.8522,0.521697,0.05,0.0278213,-0.024858
54.8673,0.521422,0.05,0.0274463,-0.0248933
54.8824,0.521151,0.05,0.0270708,-0.0249236
54.8974,0.520884,0.05,0.0266948,-0.0249489
54.9125,0.520621,0.05,0.0263186,-0.0249691
54.9276,0.520362,0.05,0.025942,-0.0249842
54.9427,0.520106,0.05,0.0255653,-0.0249943
54.9577,0.519854,0.05,0.0251884,-0.0249994
54.9728,0.519606,0.05,0.0248116,-0.0249994
54.9879,0.519362,0.05,0.0244347,-0.0249943
55.003,0.519121,0.05,0.024058,-0.0249842
55.018,0.518884,0.05,0.0236814,-0.0249691
55.0331,0.518651,0.05,0.0233052,-0.0249489
55.0482,0.518422,0.05,0.0229292,-0.0249236
55.0633,0.518197,0.05,0.0225537,-0.0248933
55.0783,0.517975,0.05,0.0221787,-0.024858
55.0934,0.517757,0.05,0.0218043,-0.0248176
55.1085,0.517542,0.05,0.0214305,-0.0247721
55.1236,0.517332,0.05,0.0210574,-0.0247216
55.1386,0.517125,0.05,0.0206851,-0.024666
55.1537,0.516922,0.05,0.0203137,-0.0246054
55.1688,0.516722,0.05,0.0199433,-0.0245398
55.1839,0.516527,0.05,0.0195739,-0.0244691
55.199,0.516335,0.05,0.0192055,-0.0243933
55.214,0.516146,0.05,0.0188384,-0.0243125
55.2291,0.515962,0.05,0.0184725,-0.0242267
55.2442,0.51578,0.05,0.018108,-0.0241358
55.2593,0.515603,0.05,0.0177448,-0.0240398
55.2743,0.515429,0.05,0.0173832,-0.0239388
55.2894,0.515259,0.05,0.0170231,-0.0238327
55.3045,0.515092,0.05,0.0166646,-0.0237216
55.3196,0.514929,0.05,0.0163079,-0.0236055
55.3346,0.51477,0.05,0.0159529,-0.0234843
55.3497,0.514614,0.05,0.0155999,-0.023358
55.3648,0.514461,0.05,0.0152487,-0.0232267
55.3799,0.514312,0.05,0.0148996,-0.0230903
55.3949,0.514167,0.05,0.0145525,-0.0229489
55.41,0.514025,0.05,0.0142077,-0.0228025
55.4251,0.513886,0.05,0.0138651,-0.0226509
55.4402,0.513751,0.05,0.0135248,-0.0224944
55.4552,0.513619,0.05,0.0131869,-0.0223328
55.4703,0.51349,0.05,0.0128514,-0.0221661
55.4854,0.513365,0.05,0.0125186,-0.0219944
55.5005,0.513243,0.05,0.0121883,-0.0218176
55.5155,0.513125,0.05,0.0118608,-0.0216358
55.5306,0.513009,0.05,0.011536,-0.021449
55.5457,0.512897,0.05,0.0112141,-0.021257
55.5608,0.512788,0.05,0.0108951,-0.0210601
55.5758,0.512682,0.05,0.0105791,-0.0208581
55.5909,0.51258,0.05,0.0102663,-0.020651
55.606,0.51248,0.05,0.00995652,-0.0204389
55.6211,0.512384,0.05,0.00965003,-0.0202217
55.6361,0.51229,0.05,0.00934685,-0.0199995
55.6512,0.5122,0.05,0.00904705,-0.0197722
55.6663,0.512112,0.05,0.00875072,-0.0195399
55.6814,0.512028,0.05,0.00845794,-0.0193025
55.6964,0.511946,0.05,0.00816876,-0.0190601
55.7115,0.511867,0.05,0.00788328,-0.0188127
55.7266,0.511791,0.05,0.00760157,-0.0185601
55.7417,0.511718,0.05,0.00732371,-0.0183026
55.7567,0.511647,0.05,0.00704976,-0.0180399
55.7718,0.51158,0.05,0.00677981,-0.0177723
55.7869,0.511514,0.05,0.00651394,-0.0174996
55.802,0.511452,0.05,0.00625222,-0.0172218
55.817,0.511392,0.05,0.00599472,-0.016939
55.8321,0.511335,0.05,0.00574152,-0.0166511
55.8472,0.51128,0.05,0.0054927,-0.0163582
55.8623,0.511227,0.05,0.00524833,-0.0160602
55.8773,0.511177,0.05,0.0050085,-0.0157572
55.8924,0.511129,0.05,0.00477327,-0.0154491
55.9075,0.511084,0.05,0.00454272,-0.015136
55.9226,0.511041,0.05,0.00431693,-0.0148178
55.9376,0.511,0.05,0.00409598,-0.0144946
55.9527,0.510961,0.05,0.00387993,-0.0141663
55.9678,0.510924,0.05,0.00366888,-0.013833
55.9829,0.51089,0.05,0.00346288,-0.0134946
55.9979,0.510857,0.05,0.00326203,-0.0131512
56.013,0.510826,0.05,0.00306639,-0.0128027
56.0281,0.510798,0.05,0.00287604,-0.0124492
56.0432,0.510771,0.05,0.00269106,-0.0120906
56.0582,0.510746,0.05,0.00251153,-0.011727
56.0733,0.510722,0.05,0.00233751,-0.0113583
56.0884,0.5107,0.05,0.00216909,-0.0109846
56.1035,0.51068,0.05,0.00200634,-0.0106058
56.1185,0.510662,0.05,0.00184935,-0.010222
56.1336,0.510645,0.05,0.00169817,-0.00983309
56.1487,0.510629,0.05,0.0015529,-0.00943916
56.1638,0.510615,0.05,0.0014136,-0.00904018
56.1789,0.510602,0.05,0.00128035,-0.00863615
56.1939,0.510591,0.05,0.00115324,-0.00822706
56.209,0.510581,0.05,0.00103233,-0.00781293
56.2241,0.510571,0.05,0.000917697,-0.00739375
56.2392,0.510563,0.05,0.000809425,-0.00696952
56.2542,0.510556,0.05,0.000707586,-0.00654024
56.2693,0.51055,0.05,0.000612257,-0.00610591
56.2844,0.510545,0.05,0.000523514,-0.00566652
56.2995,0.510541,0.05,0.000441432,-0.00522209
56.3145,0.510537,0.05,0.000366089,-0.00477261
56.3296,0.510534,0.05,0.00029756,-0.00431807
56.3447,0.510532,0.05,0.000235921,-0.00385849
56.3598,0.51053,0.05,0.000181249,-0.00339385
56.3748,0.510528,0.05,0.000133619,-0.00292417
56.3899,0.510527,0.05,9.31084e-05,-0.00244943
56.405,0.510527,0.05,5.97924e-05,-0.00196965
56.4201,0.510527,0.05,3.37474e-05,-0.00148481
56.4351,0.510526,0.05,1.50496e-05,-0.000994924
56.4502,0.510526,0.05,3.77509e-06,-0.000499987
56.4653,0.510526,0.05,0,-0
